id,chapter,kind,term,literal,charStart,charEnd,wordStart,wordEnd
C01R0001,1,Number expressions,thirty-four,thirty-four,42,53,9,9
C01R0002,1,Symbol vocabulary,words,words,90,95,16,16
C01R0003,1,Artwork vocabulary,stability,STABILITY,210,219,33,33
C01R0004,1,Directions,north,north,277,282,44,44
C01R0005,1,Artwork vocabulary,white,white,657,662,106,106
C01R0006,1,Number expressions,three hundred,three hundred,1072,1085,173,174
C01R0007,1,Artwork vocabulary,breathing,breathing,1193,1202,191,191
C01R0008,1,Number expressions,one,one,1877,1880,302,302
C01R0009,1,Number expressions,one,one,1975,1978,320,320
C01R0010,1,Number expressions,thirty,Thirty,2645,2651,426,426
C01R0011,1,Number expressions,fifty,Fifty,2653,2658,427,427
C01R0012,1,Number expressions,fifty-five,Fifty-five,2660,2670,428,428
C01R0013,1,Artwork vocabulary,stability,stability,2746,2755,444,444
C01R0014,1,Number expressions,632,632,2763,2766,447,447
C01R0015,1,Number expressions,thirty-five,thirty-five,3235,3246,530,530
C01R0016,1,Number expressions,thirty-seven,thirty-seven,3258,3270,533,533
C01R0017,1,Number expressions,first,first,3512,3517,570,570
C01R0018,1,Number expressions,six,six,3682,3685,597,597
C01R0019,1,Number expressions,one hundred thousand,one hundred thousand,4440,4460,717,719
C01R0020,1,Number expressions,ten,ten,4511,4514,728,728
C01R0021,1,Symbol vocabulary,Alphas,Alphas,4759,4765,770,770
C01R0022,1,Symbol vocabulary,Betas,Betas,4770,4775,772,772
C01R0023,1,Symbol vocabulary,Gammas,Gammas,4821,4827,779,779
C01R0024,1,Symbol vocabulary,Deltas,Deltas,4829,4835,780,780
C01R0025,1,Symbol vocabulary,Epsilons,Epsilons,4840,4848,782,782
C01R0026,1,Number expressions,thirty-six,thirty-six,4884,4894,789,789
C01R0027,1,Symbol vocabulary,words,words,5014,5019,805,805
C01R0028,1,Number expressions,one,One,5047,5050,810,810
C01R0029,1,Number expressions,one,one,5056,5059,812,812
C01R0030,1,Number expressions,one,one,5068,5071,814,814
C01R0031,1,Symbol vocabulary,divide,divide,5147,5153,825,825
C01R0032,1,Number expressions,eight,eight,5160,5165,827,827
C01R0033,1,Number expressions,ninety-six,ninety-six,5169,5179,829,829
C01R0034,1,Number expressions,ninety-six,ninety-six,5291,5301,849,849
C01R0035,1,Number expressions,one,one,5331,5334,855,855
C01R0036,1,Number expressions,eight,eight,5758,5763,920,920
C01R0037,1,Number expressions,eight,Eight,5815,5820,931,931
C01R0038,1,Number expressions,two,two,5945,5948,956,956
C01R0039,1,Number expressions,four,four,5963,5967,960,960
C01R0040,1,Number expressions,eight,eight,5979,5984,963,963
C01R0041,1,Number expressions,two,two,6068,6071,978,978
C01R0042,1,Number expressions,two,Two,6122,6125,986,986
C01R0043,1,Number expressions,four,four,6127,6131,987,987
C01R0044,1,Number expressions,eight,eight,6133,6138,988,988
C01R0045,1,Directions,left,left,6356,6360,1021,1021
C01R0046,1,Number expressions,eight,eight,6457,6462,1041,1041
C01R0047,1,Number expressions,ninety-six,ninety-six,6466,6476,1043,1043
C01R0048,1,Symbol vocabulary,divide,divide,6663,6669,1073,1073
C01R0049,1,Number expressions,dozens,dozens,6683,6689,1076,1076
C01R0050,1,Number expressions,scores,scores,6694,6700,1078,1078
C01R0051,1,Number expressions,scores,Scores,6713,6719,1082,1082
C01R0052,1,Number expressions,scores,Scores,6810,6816,1097,1097
C01R0053,1,Number expressions,one,one,6823,6826,1099,1099
C01R0054,1,Number expressions,one,one,7051,7054,1139,1139
C01R0055,1,Artwork vocabulary,stability,stability,7090,7099,1146,1146
C01R0056,1,Artwork vocabulary,stability,stability,7130,7139,1151,1151
C01R0057,1,Number expressions,ninety-six,Ninety-six,7274,7284,1175,1175
C01R0058,1,Number expressions,ninety-six,ninety-six,7309,7319,1179,1179
C01R0059,1,Number expressions,first,first,7429,7434,1197,1197
C01R0060,1,Artwork vocabulary,history,history,7443,7450,1200,1200
C01R0061,1,Artwork vocabulary,stability,Stability,7506,7515,1208,1208
C01R0062,1,Symbol vocabulary,words,words,7524,7529,1210,1210
C01R0063,1,Symbol vocabulary,Gammas,Gammas,7625,7631,1225,1225
C01R0064,1,Symbol vocabulary,Deltas,Deltas,7643,7649,1227,1227
C01R0065,1,Symbol vocabulary,Epsilons,Epsilons,7659,7667,1229,1229
C01R0066,1,Number expressions,millions,Millions,7669,7677,1230,1230
C01R0067,1,Number expressions,ninety-six,Ninety-six,7839,7849,1255,1255
C01R0068,1,Number expressions,seventy-two,seventy-two,7874,7885,1261,1261
C01R0069,1,Number expressions,second,second,8045,8051,1291,1291
C01R0070,1,Number expressions,thirty,thirty,8131,8137,1307,1307
C01R0071,1,Number expressions,two hundred,two hundred,8148,8159,1310,1311
C01R0072,1,Number expressions,quarter,quarter,8289,8296,1335,1335
C01R0073,1,Number expressions,hundred and fifty,hundred and fifty,8478,8495,1368,1370
C01R0074,1,Number expressions,two,two,8515,8518,1374,1374
C01R0075,1,Symbol vocabulary,words,words,8562,8567,1380,1380
C01R0076,1,Symbol vocabulary,multiply,multiply,8569,8577,1381,1381
C01R0077,1,Number expressions,seventy-two,seventy-two,8581,8592,1383,1383
C01R0078,1,Number expressions,eleven thousand,eleven thousand,8626,8641,1390,1391
C01R0079,1,Number expressions,hundred and fifty,hundred and fifty,8668,8685,1397,1399
C01R0080,1,Number expressions,two,two,8725,8728,1406,1406
C01R0081,1,Number expressions,one,one,8790,8793,1419,1419
C01R0082,1,Number expressions,fifteen thousand,fifteen thousand,8814,8830,1424,1425
C01R0083,1,Names,Mr. Foster,Mr. Foster,8938,8948,1443,1444
C01R0084,1,Names,Mr. Foster,Mr. Foster,9042,9052,1462,1463
C01R0085,1,Number expressions,sixteen thousand and twelve,Sixteen thousand and twelve,9056,9083,1464,1467
C01R0086,1,Names,Mr. Foster,Mr. Foster,9101,9111,1471,1472
C01R0087,1,Artwork vocabulary,figures,figures,9229,9236,1492,1492
C01R0088,1,Number expressions,sixteen thousand and twelve,Sixteen thousand and twelve,9239,9266,1493,1496
C01R0089,1,Number expressions,one hundred and eighty-nine,one hundred and eighty-nine,9271,9298,1498,1501
C01R0090,1,Number expressions,sixteen thousand five hundred,sixteen thousand five hundred,9446,9475,1526,1529
C01R0091,1,Number expressions,seventeen thousand,seventeen thousand,9514,9532,1536,1537
C01R0092,1,Symbol vocabulary,Delta,Delta,9895,9900,1604,1604
C01R0093,1,Number expressions,eighteen,eighteen,9939,9947,1611,1611
C01R0094,1,Number expressions,twelve thousand seven hundred,twelve thousand seven hundred,9965,9994,1615,1618
C01R0095,1,Names,Mr. Foster,Mr. Foster,10149,10159,1644,1645
C01R0096,1,Names,Mr. Foster,Mr. Foster,10257,10267,1663,1664
C01R0097,1,Number expressions,one,one,10982,10985,1785,1785
C01R0098,1,Number expressions,one,one,10989,10992,1787,1787
C01R0099,1,Number expressions,eighty-eight,Eighty-eight,11518,11530,1869,1869
C01R0100,1,Names,Mr. Foster,Mr. Foster,11565,11575,1875,1876
C01R0101,1,Names,Mr. Foster,Mr. Foster,11849,11859,1918,1919
C01R0102,1,Names,Mr. Foster,Mr. Foster,12017,12027,1941,1942
C01R0103,1,Artwork vocabulary,figures,figures,12198,12205,1972,1972
C01R0104,1,Names,Mr. Foster,Mr. Foster,12436,12446,2014,2015
C01R0105,1,Number expressions,two,Two,12574,12577,2036,2036
C01R0106,1,Symbol vocabulary,double,double,12605,12611,2043,2043
C01R0107,1,Names,Mr. Foster,Mr. Foster,12723,12733,2061,2062
C01R0108,1,Number expressions,second,second,12767,12773,2069,2069
C01R0109,1,Artwork vocabulary,figures,figures,13264,13271,2158,2158
C01R0110,1,Names,Mr. Foster,Mr. Foster,13273,13283,2159,2160
C01R0111,1,Names,Mr. Foster,Mr. Foster,13331,13341,2169,2170
C01R0112,1,Artwork vocabulary,figures,figures,13380,13387,2180,2180
C01R0113,1,Number expressions,two hundred and twenty,Two hundred and twenty,13389,13411,2181,2184
C01R0114,1,Number expressions,two hundred,two hundred,13425,13436,2187,2188
C01R0115,1,Number expressions,ten,ten,13443,13446,2190,2190
C01R0116,1,Number expressions,three,Three,13557,13562,2207,2207
C01R0117,1,Number expressions,first,first,13599,13604,2214,2214
C01R0118,1,Number expressions,second,second,13614,13620,2216,2216
C01R0119,1,Number expressions,three,three,13732,13737,2235,2235
C01R0120,1,Number expressions,one,one,13888,13891,2259,2259
C01R0121,1,Number expressions,fifteen,fifteen,13895,13902,2261,2261
C01R0122,1,Number expressions,thirty-three and a third,thirty-three and a third,13989,14013,2278,2281
C01R0123,1,Number expressions,two hundred and sixty-seven,Two hundred and sixty-seven,14035,14062,2285,2288
C01R0124,1,Number expressions,eight,eight,14071,14076,2291,2291
C01R0125,1,Number expressions,two thousand one hundred and thirty-six,Two thousand one hundred and thirty-six,14091,14130,2295,2300
C01R0126,1,Number expressions,one,One,14146,14149,2304,2304
C01R0127,1,Number expressions,one,one,14189,14192,2312,2312
C01R0128,1,Number expressions,first,first,14200,14205,2315,2315
C01R0129,1,Number expressions,half,half,14215,14219,2317,2317
C01R0130,1,Number expressions,second,second,14227,14233,2320,2320
C01R0131,1,Number expressions,two hundred and sixty-seventh,two hundred and sixty-seventh,14246,14275,2324,2327
C01R0132,1,Names,Mr. Foster,Mr. Foster,14373,14383,2341,2342
C01R0133,1,Names,Mr. Foster,Mr. Foster,14596,14606,2380,2381
C01R0134,1,Names,Mr. Foster,Mr. Foster,14609,14619,2382,2383
C01R0135,1,Number expressions,twelfth,twelfth,14903,14910,2435,2435
C01R0136,1,Number expressions,zero,zero,14922,14926,2438,2438
C01R0137,1,Number expressions,2040,2040,14930,14934,2440,2440
C01R0138,1,Number expressions,ninety-six,ninety-six,15051,15061,2457,2457
C01R0139,1,Number expressions,112,112,15167,15170,2473,2473
C01R0140,1,Number expressions,two,two,15597,15600,2543,2543
C01R0141,1,Number expressions,eight,eight,15621,15626,2548,2548
C01R0142,1,Number expressions,200,200,15954,15957,2601,2601
C01R0143,1,Symbol vocabulary,circle,circle,16014,16020,2612,2612
C01R0144,1,Symbol vocabulary,question mark,question mark,16093,16106,2626,2627
C01R0145,1,Artwork vocabulary,black,black,16108,16113,2628,2628
C01R0146,1,Artwork vocabulary,white,white,16119,16124,2631,2631
C01R0147,1,Names,Mr. Foster,Mr. Foster,16155,16165,2637,2638
C01R0148,1,Number expressions,one,One,16231,16234,2650,2650
C01R0149,1,Number expressions,twelve hundred,twelve hundred,16252,16266,2654,2655
C01R0150,1,Number expressions,one,one,16372,16375,2675,2675
C01R0151,1,Number expressions,thirty,thirty,16446,16452,2690,2690
C01R0152,1,Number expressions,twenty-four,twenty-four,16553,16564,2709,2709
C01R0153,1,Names,Mr. Foster,Mr. Foster,16821,16831,2749,2750
C01R0154,1,Symbol vocabulary,Alphas,Alphas,17156,17162,2805,2805
C01R0155,1,Symbol vocabulary,Epsilons,Epsilons,17166,17174,2807,2807
C01R0156,1,Number expressions,320,320,17411,17414,2844,2844
C01R0157,1,Number expressions,11,11,17423,17425,2847,2847
C01R0158,1,Symbol vocabulary,Beta,Beta,17435,17439,2850,2850
C01R0159,1,Number expressions,two,two,17718,17721,2901,2901
C01R0160,1,Names,Mr. Foster,Mr. Foster,17836,17846,2922,2923
C01R0161,1,Symbol vocabulary,Epsilon,Epsilon,18243,18250,2988,2988
C01R0162,1,Symbol vocabulary,Epsilon,Epsilon,18271,18278,2993,2993
C01R0163,1,Symbol vocabulary,Epsilon,Epsilon,18305,18312,2999,2999
C01R0164,1,Names,Mr. Foster,Mr. Foster,18420,18430,3017,3018
C01R0165,1,Number expressions,first,first,18462,18467,3024,3024
C01R0166,1,Number expressions,seventy,seventy,18526,18533,3035,3035
C01R0167,1,Number expressions,seventy,seventy,18589,18596,3047,3047
C01R0168,1,Names,Mr. Foster,Mr. Foster,18650,18660,3057,3058
C01R0169,1,Number expressions,six,six,18887,18890,3094,3094
C01R0170,1,Number expressions,ten,ten,18908,18911,3098,3098
C01R0171,1,Number expressions,thirteen,thirteen,18922,18930,3101,3101
C01R0172,1,Number expressions,twenty,twenty,18991,18997,3114,3114
C01R0173,1,Symbol vocabulary,Epsilons,Epsilons,19084,19092,3128,3128
C01R0174,1,Names,Mr. Foster,Mr. Foster,19100,19110,3130,3131
C01R0175,1,Symbol vocabulary,Epsilon,Epsilon,19206,19213,3148,3148
C01R0176,1,Number expressions,ten,ten,19233,19236,3153,3153
C01R0177,1,Symbol vocabulary,Epsilon,Epsilon,19242,19249,3155,3155
C01R0178,1,Number expressions,eighteen,eighteen,19280,19288,3163,3163
C01R0179,1,Names,Mr. Foster,Mr. Foster,19503,19513,3199,3200
C01R0180,1,Symbol vocabulary,Epsilon,Epsilon,19774,19781,3240,3240
C01R0181,1,Number expressions,four,four,19993,19997,3278,3278
C01R0182,1,Number expressions,six and a half,six and a half,20016,20030,3282,3285
C01R0183,1,Number expressions,six,Six,20076,20079,3292,3292
C01R0184,1,Symbol vocabulary,Epsilon,Epsilon,20130,20137,3302,3302
C01R0185,1,Number expressions,one,one,20182,20185,3310,3310
C01R0186,1,Number expressions,twenty,twenty,20329,20335,3337,3337
C01R0187,1,Number expressions,six,six,20350,20353,3341,3341
C01R0188,1,Names,Mr. Foster,Mr. Foster,20379,20389,3346,3347
C01R0189,1,Number expressions,170,170,20509,20512,3367,3367
C01R0190,1,Number expressions,9,9,20521,20522,3370,3370
C01R0191,1,Number expressions,9,9,20553,20554,3376,3376
C01R0192,1,Number expressions,two,two,20684,20687,3399,3399
C01R0193,1,Number expressions,three,three,20691,20696,3401,3401
C01R0194,1,Names,Mr. Foster,Mr. Foster,20736,20746,3407,3408
C01R0195,1,Names,Mr. Foster,Mr. Foster,21149,21159,3479,3480
C01R0196,1,Number expressions,two,two,21438,21441,3526,3526
C01R0197,1,Names,Lenina,Lenina,21643,21649,3561,3561
C01R0198,1,Names,Mr. Foster,Mr. Foster,21657,21667,3563,3564
C01R0199,1,Number expressions,one,One,21766,21769,3582,3582
C01R0200,1,Number expressions,two,two,21974,21977,3617,3617
C01R0201,1,Number expressions,three,three,21981,21986,3619,3619
C01R0202,1,Names,Mr. Foster,Mr. Foster,22095,22105,3637,3638
C01R0203,1,Number expressions,150,150,22239,22242,3658,3658
C01R0204,1,Names,Mr. Foster,Mr. Foster,22245,22255,3659,3660
C01R0205,1,Names,Lenina,Lenina,22393,22399,3683,3683
C01R0206,1,Number expressions,ten,Ten,22402,22405,3684,3684
C01R0207,1,Number expressions,five,five,22409,22413,3686,3686
C01R0208,1,Number expressions,10,10,22565,22567,3714,3714
C01R0209,1,Number expressions,first,first,22690,22695,3734,3734
C01R0210,1,Number expressions,two hundred and fifty,two hundred and fifty,22710,22731,3739,3742
C01R0211,1,Number expressions,eleven hundred,eleven hundred,22786,22800,3750,3751
C01R0212,1,Number expressions,3,3,22820,22821,3756,3756
C01R0213,1,Names,Mr. Foster,Mr. Foster,22924,22934,3772,3773
C01R0214,1,Directions,right,right,23062,23067,3796,3796
C01R0215,1,Number expressions,half,half,23092,23096,3802,3802
C01R0216,1,Symbol vocabulary,double,double,23110,23116,3805,3805
C01R0217,1,Directions,upside down,upside down,23152,23163,3812,3813
C01R0218,1,Directions,heads,heads,23286,23291,3832,3832
C01R0219,1,Names,Mr. Foster,Mr. Foster,23304,23314,3835,3836
C01R0220,1,Symbol vocabulary,Alpha,Alpha,23385,23390,3849,3849
C01R0221,1,Number expressions,5,5,23447,23448,3861,3861
C01R0222,1,Number expressions,first,First,23450,23455,3862,3862
C01R0223,1,Number expressions,two,two,23485,23488,3868,3868
C01R0224,1,Number expressions,900,900,23569,23572,3884,3884
C01R0225,1,Directions,tails,tails,23681,23686,3901,3901
C01R0226,1,Number expressions,ten,Ten,23743,23746,3912,3912
C01R0227,1,Number expressions,three,three,23750,23755,3914,3914
C01R0228,1,Names,Mr. Foster,Mr. Foster,23907,23917,3940,3941
C01R0229,1,Number expressions,one,one,23946,23949,3946,3946
C01R0230,1,Number expressions,one,one,24050,24053,3962,3962
C02R0001,2,Directions,left,left,29,33,8,8
C02R0002,2,Number expressions,fifth,fifth,142,147,29,29
C02R0003,2,Number expressions,half a dozen,Half a dozen,374,386,67,69
C02R0004,2,Artwork vocabulary,white,white,436,441,77,77
C02R0005,2,Artwork vocabulary,white,white,501,506,85,85
C02R0006,2,Number expressions,two,two,1341,1344,229,229
C02R0007,2,Number expressions,four,four,1404,1408,241,241
C02R0008,2,Number expressions,eight,eight,1435,1440,245,245
C02R0009,2,Symbol vocabulary,Delta,Delta,1545,1550,262,262
C02R0010,2,Artwork vocabulary,white,white,1829,1834,313,313
C02R0011,2,Number expressions,second,second,3059,3065,516,516
C02R0012,2,Artwork vocabulary,black,black,3937,3942,662,662
C02R0013,2,Number expressions,two hundred,two hundred,4217,4228,702,703
C02R0014,2,Number expressions,one,One,4770,4773,793,793
C02R0015,2,Number expressions,one,one,5022,5025,835,835
C02R0016,2,Symbol vocabulary,Deltas,Deltas,5165,5171,859,859
C02R0017,2,Symbol vocabulary,Gammas,Gammas,5375,5381,897,897
C02R0018,2,Symbol vocabulary,Deltas,Deltas,5383,5389,898,898
C02R0019,2,Symbol vocabulary,Epsilons,Epsilons,5396,5404,900,900
C02R0020,2,Number expressions,one,one,5788,5791,963,963
C02R0021,2,Names,Ford,Ford,6775,6779,1132,1132
C02R0022,2,Number expressions,one,One,7286,7289,1212,1212
C02R0023,2,Directions,right,right,7450,7455,1243,1243
C02R0024,2,Number expressions,one,one,8116,8119,1351,1351
C02R0025,2,Number expressions,one,one,8600,8603,1432,1432
C02R0026,2,Number expressions,one,one,8704,8707,1450,1450
C02R0027,2,Names,Bernard,Bernard,8785,8792,1466,1466
C02R0028,2,Number expressions,twenty-three,twenty-three,9536,9548,1580,1580
C02R0029,2,Names,Ford,Ford,9565,9569,1584,1584
C02R0030,2,Number expressions,first,first,9572,9577,1585,1585
C02R0031,2,Symbol vocabulary,T-Model,T-Model,9578,9585,1586,1586
C02R0032,2,Symbol vocabulary,sign of the T,sign of the T,9636,9649,1597,1600
C02R0033,2,Number expressions,first,first,9773,9778,1620,1620
C02R0034,2,Number expressions,214,214,9803,9806,1625,1625
C02R0035,2,Number expressions,two,Two,9824,9827,1629,1629
C02R0036,2,Directions,right,right,10036,10041,1665,1665
C02R0037,2,Directions,right,right,10052,10057,1668,1668
C02R0038,2,Directions,right,right,10077,10082,1673,1673
C02R0039,2,Number expressions,second,second,10244,10250,1707,1707
C02R0040,2,Number expressions,35,35,10455,10457,1745,1745
C02R0041,2,Number expressions,one,one,10526,10529,1757,1757
C02R0042,2,Number expressions,second,second,10746,10752,1806,1806
C02R0043,2,Symbol vocabulary,words,words,10819,10824,1827,1827
C02R0044,2,Number expressions,second,second,11051,11057,1877,1877
C02R0045,2,Symbol vocabulary,Alphas,Alphas,11997,12003,2029,2029
C02R0046,2,Symbol vocabulary,Alphas,Alphas,12025,12031,2034,2034
C02R0047,2,Number expressions,fifty,Fifty,12162,12167,2054,2054
C02R0048,2,Number expressions,eighty,Eighty,12324,12330,2080,2080
C02R0049,2,Artwork vocabulary,breathing,breathing,12404,12413,2096,2096
C02R0050,2,Number expressions,first forty,first forty,12633,12644,2134,2135
C02R0051,2,Number expressions,eighty,eighty,12817,12823,2163,2163
C02R0052,2,Artwork vocabulary,breathing,breathing,12857,12866,2170,2170
C02R0053,2,Number expressions,one,one,12944,12947,2184,2184
C02R0054,2,Symbol vocabulary,Delta,Delta,13307,13312,2249,2249
C02R0055,2,Symbol vocabulary,Delta,Delta,13367,13372,2261,2261
C02R0056,2,Symbol vocabulary,Epsilons,Epsilons,13387,13395,2264,2264
C02R0057,2,Artwork vocabulary,black,black,13479,13484,2281,2281
C02R0058,2,Symbol vocabulary,Beta,Beta,13536,13540,2293,2293
C02R0059,2,Symbol vocabulary,Alpha,Alpha,13591,13596,2303,2303
C02R0060,2,Symbol vocabulary,Beta,Beta,13718,13722,2325,2325
C02R0061,2,Symbol vocabulary,Gammas,Gammas,13791,13797,2340,2340
C02R0062,2,Symbol vocabulary,Deltas,Deltas,13802,13808,2342,2342
C02R0063,2,Symbol vocabulary,Gammas,Gammas,13810,13816,2343,2343
C02R0064,2,Symbol vocabulary,Delta,Delta,13854,13859,2351,2351
C02R0065,2,Symbol vocabulary,Delta,Delta,13914,13919,2363,2363
C02R0066,2,Symbol vocabulary,Epsilons,Epsilons,13934,13942,2366,2366
C02R0067,2,Number expressions,eighty,eighty,14109,14115,2397,2397
C02R0068,2,Number expressions,forty,forty,14153,14158,2403,2403
C02R0069,2,Number expressions,fifty,fifty,14162,14167,2405,2405
C02R0070,2,Weekdays,Thursday,Thursday,14211,14219,2414,2414
C02R0071,2,Weekdays,Saturday,Saturday,14234,14242,2418,2418
C02R0072,2,Number expressions,hundred and twenty,hundred and twenty,14246,14264,2420,2422
C02R0073,2,Number expressions,three,three,14271,14276,2424,2424
C02R0074,2,Number expressions,thirty,thirty,14294,14300,2429,2429
C02R0075,2,Symbol vocabulary,Deltas,Deltas,14400,14406,2448,2448
C02R0076,2,Symbol vocabulary,words,words,14651,14656,2486,2486
C02R0077,2,Symbol vocabulary,words,words,14662,14667,2488,2488
C02R0078,2,Symbol vocabulary,Beta,Beta,15005,15009,2541,2541
C02R0079,2,Number expressions,one,one,15261,15264,2585,2585
C02R0080,2,Symbol vocabulary,sum,sum,15340,15343,2599,2599
C02R0081,2,Names,Ford,Ford,15740,15744,2666,2666
C03R0001,3,Number expressions,six,six,89,92,17,17
C03R0002,3,Number expressions,seven hundred,seven hundred,96,109,19,20
C03R0003,3,Number expressions,two,two,296,299,53,53
C03R0004,3,Number expressions,twenty,Twenty,558,564,98,98
C03R0005,3,Symbol vocabulary,circle,circle,592,598,104,104
C03R0006,3,Artwork vocabulary,tower,tower,620,625,109,109
C03R0007,3,Artwork vocabulary,tower,tower,692,697,126,126
C03R0008,3,Number expressions,one,one,782,785,141,141
C03R0009,3,Names,Ford,Ford,965,969,173,173
C03R0010,3,Number expressions,two,two,1037,1040,186,186
C03R0011,3,Number expressions,two,two,1526,1529,267,267
C03R0012,3,Number expressions,seven,seven,1562,1567,274,274
C03R0013,3,Symbol vocabulary,twice,twice,2592,2597,446,446
C03R0014,3,Directions,right,right,2995,3000,513,513
C03R0015,3,Artwork vocabulary,history,history,3556,3563,612,612
C03R0016,3,Names,Ford,Ford,3689,3693,637,637
C03R0017,3,Number expressions,twenty,twenty,4298,4304,726,726
C03R0018,3,Number expressions,twenty,Twenty,4318,4324,729,729
C03R0019,3,Number expressions,twenty,Twenty,4389,4395,741,741
C03R0020,3,Artwork vocabulary,black,black,4706,4711,792,792
C03R0021,3,Number expressions,one,one,4851,4854,817,817
C03R0022,3,Names,Mustapha Mond,Mustapha Mond,5188,5201,872,873
C03R0023,3,Number expressions,four thousand,four thousand,5211,5224,876,877
C03R0024,3,Number expressions,four thousand,four thousand,5249,5262,883,884
C03R0025,3,Number expressions,four,four,5301,5305,889,889
C03R0026,3,Number expressions,second,Second,5383,5389,901,901
C03R0027,3,Names,Henry Foster,Henry Foster,5485,5497,920,921
C03R0028,3,Names,Bernard Marx,Bernard Marx,5582,5594,934,935
C03R0029,3,Number expressions,one,one,5789,5792,967,967
C03R0030,3,Names,Lenina Crowne,Lenina Crowne,5931,5944,990,991
C03R0031,3,Names,Mustapha Mond,Mustapha Mond,5991,6004,999,1000
C03R0032,3,Directions,heads,heads,6067,6072,1012,1012
C03R0033,3,Names,Mustapha Mond,Mustapha Mond,6074,6087,1013,1014
C03R0034,3,Number expressions,one,One,6133,6136,1021,1021
C03R0035,3,Number expressions,ten,Ten,6144,6147,1024,1024
C03R0036,3,Number expressions,one,One,6167,6170,1027,1027
C03R0037,3,Number expressions,ten,Ten,6178,6181,1030,1030
C03R0038,3,Names,Ford,Ford,6354,6358,1066,1066
C03R0039,3,Number expressions,two,Two,6368,6371,1068,1068
C03R0040,3,Names,Ford,Ford,6681,6685,1117,1117
C03R0041,3,Artwork vocabulary,history,History,6689,6696,1118,1118
C03R0042,3,Artwork vocabulary,history,History,6706,6713,1121,1121
C03R0043,3,Names,Jesus,Jesus,7067,7072,1184,1184
C03R0044,3,Number expressions,one,one,7463,7466,1245,1245
C03R0045,3,Number expressions,first,first,7486,7491,1250,1250
C03R0046,3,Artwork vocabulary,history,history,7663,7670,1279,1279
C03R0047,3,Names,Ford,Ford,7881,7885,1315,1315
C03R0048,3,Names,Mustapha Mond,Mustapha Mond,7897,7910,1318,1319
C03R0049,3,Directions,right,right,8005,8010,1335,1335
C03R0050,3,Names,Bernard Marx,Bernard Marx,8202,8214,1368,1369
C03R0051,3,Names,Henry Foster,Henry Foster,8309,8321,1387,1388
C03R0052,3,Names,Mustapha Mond,Mustapha Mond,8323,8336,1389,1390
C03R0053,3,Number expressions,one,one,8652,8655,1447,1447
C03R0054,3,Directions,heads,heads,8784,8789,1469,1469
C03R0055,3,Names,Lenina Crowne,Lenina Crowne,8819,8832,1475,1476
C03R0056,3,Number expressions,seventeen,seventeen,8841,8850,1479,1479
C03R0057,3,Directions,right,right,8874,8879,1484,1484
C03R0058,3,Number expressions,hundred,hundred,9123,9130,1527,1527
C03R0059,3,Number expressions,eighty,eighty,9160,9166,1532,1532
C03R0060,3,Number expressions,eighty,eighty,9269,9275,1547,1547
C03R0061,3,Number expressions,one,one,9307,9310,1552,1552
C03R0062,3,Names,Fanny,Fanny,9420,9425,1572,1572
C03R0063,3,Names,Lenina,Lenina,9433,9439,1574,1574
C03R0064,3,Names,Fanny,Fanny,9501,9506,1588,1588
C03R0065,3,Number expressions,two thousand million,two thousand million,9580,9600,1603,1605
C03R0066,3,Number expressions,ten thousand,ten thousand,9635,9647,1612,1613
C03R0067,3,Symbol vocabulary,names,names,9648,9653,1614,1614
C03R0068,3,Names,Lenina,Lenina,9717,9723,1623,1623
C03R0069,3,Symbol vocabulary,double,double,9788,9794,1634,1634
C03R0070,3,Number expressions,two,two,9817,9820,1638,1638
C03R0071,3,Number expressions,one,one,10226,10229,1703,1703
C03R0072,3,Names,Lenina,Lenina,10346,10352,1726,1726
C03R0073,3,Number expressions,eight,Eight,10617,10622,1775,1775
C03R0074,3,Number expressions,third,third,10726,10731,1793,1793
C03R0075,3,Directions,left,left,10741,10745,1796,1796
C03R0076,3,Number expressions,one,one,10844,10847,1815,1815
C03R0077,3,Artwork vocabulary,white,white,11541,11546,1934,1934
C03R0078,3,Names,Mustapha Mond,Mustapha Mond,11617,11630,1949,1950
C03R0079,3,Names,Lenina,Lenina,11713,11719,1965,1965
C03R0080,3,Names,Lenina,Lenina,11820,11826,1980,1980
C03R0081,3,Names,Fanny,Fanny,11912,11917,1994,1994
C03R0082,3,Number expressions,nineteen,nineteen,12011,12019,2010,2010
C03R0083,3,Number expressions,first,first,12025,12030,2012,2012
C03R0084,3,Number expressions,twenty-one,twenty-one,12074,12084,2018,2018
C03R0085,3,Number expressions,first,first,12234,12239,2046,2046
C03R0086,3,Number expressions,seventeen,seventeen,12264,12273,2050,2050
C03R0087,3,Number expressions,two,two,12289,12292,2054,2054
C03R0088,3,Number expressions,two,two,12309,12312,2058,2058
C03R0089,3,Names,Lenina,Lenina,12459,12465,2086,2086
C03R0090,3,Symbol vocabulary,names,names,12475,12480,2089,2089
C03R0091,3,Number expressions,1st,1ST,12543,12546,2100,2100
C03R0092,3,Number expressions,632,632,12553,12556,2102,2102
C03R0093,3,Number expressions,three,THREE,12593,12598,2109,2109
C03R0094,3,Number expressions,third,THIRD,12696,12701,2125,2125
C03R0095,3,Names,Lenina,Lenina,12714,12720,2129,2129
C03R0096,3,Number expressions,one,one,12794,12797,2142,2142
C03R0097,3,Names,Fanny,Fanny,12806,12811,2145,2145
C03R0098,3,Names,Ford,Ford,12850,12854,2152,2152
C03R0099,3,Names,Freud,Freud,12862,12867,2154,2154
C03R0100,3,Names,Freud,Freud,12974,12979,2171,2171
C03R0101,3,Number expressions,first,first,12993,12998,2175,2175
C03R0102,3,Number expressions,one,one,13486,13489,2256,2256
C03R0103,3,Number expressions,twenty,twenty,13493,13499,2258,2258
C03R0104,3,Number expressions,three,three,13733,13738,2298,2298
C03R0105,3,Number expressions,three,three,13827,13832,2314,2314
C03R0106,3,Number expressions,four,four,13836,13840,2316,2316
C03R0107,3,Directions,right,right,13868,13873,2322,2322
C03R0108,3,Names,Lenina,Lenina,13881,13887,2324,2324
C03R0109,3,Names,Fanny,Fanny,13895,13900,2326,2326
C03R0110,3,Number expressions,three,three,13946,13951,2337,2337
C03R0111,3,Number expressions,two,two,14018,14021,2352,2352
C03R0112,3,Names,Lenina,Lenina,14126,14132,2371,2371
C03R0113,3,Names,Henry Foster,Henry Foster,14154,14166,2375,2376
C03R0114,3,Names,Fanny,Fanny,14178,14183,2378,2378
C03R0115,3,Artwork vocabulary,moon,moon,14199,14203,2381,2381
C03R0116,3,Names,Henry Foster,Henry Foster,14341,14353,2404,2405
C03R0117,3,Names,Mustapha Mond,Mustapha Mond,14536,14549,2434,2435
C03R0118,3,Directions,heads,heads,14568,14573,2439,2439
C03R0119,3,Number expressions,one,one,14683,14686,2454,2454
C03R0120,3,Number expressions,one,one,14704,14707,2458,2458
C03R0121,3,Number expressions,sixty-two thousand,sixty-two thousand,14837,14855,2477,2478
C03R0122,3,Names,Lenina,Lenina,14993,14999,2500,2500
C03R0123,3,Number expressions,four,four,15033,15037,2506,2506
C03R0124,3,Number expressions,four,four,15086,15090,2515,2515
C03R0125,3,Names,Fanny,Fanny,15130,15135,2523,2523
C03R0126,3,Names,Lenina,Lenina,15240,15246,2541,2541
C03R0127,3,Number expressions,one,one,15345,15348,2559,2559
C03R0128,3,Names,Fanny,Fanny,15507,15512,2587,2587
C03R0129,3,Names,Lenina,Lenina,15565,15571,2596,2596
C03R0130,3,Directions,left,left,15574,15578,2597,2597
C03R0131,3,Number expressions,one,one,15755,15758,2632,2632
C03R0132,3,Number expressions,forty,forty,15767,15772,2635,2635
C03R0133,3,Number expressions,thirty-five,thirty-five,15777,15788,2637,2637
C03R0134,3,Names,Lenina,Lenina,15830,15836,2647,2647
C03R0135,3,Number expressions,four,Four,15942,15946,2666,2666
C03R0136,3,Names,Henry Foster,Henry Foster,15957,15969,2669,2670
C03R0137,3,Number expressions,twenty,twenty,16165,16171,2707,2707
C03R0138,3,Number expressions,twenty,twenty,16190,16196,2711,2711
C03R0139,3,Number expressions,one,one,16296,16299,2728,2728
C03R0140,3,Names,Lenina,Lenina,17170,17176,2874,2874
C03R0141,3,Names,Henry Foster,Henry Foster,17216,17228,2882,2883
C03R0142,3,Names,Lenina,Lenina,17403,17409,2914,2914
C03R0143,3,Names,Fanny,Fanny,17429,17434,2918,2918
C03R0144,3,Artwork vocabulary,stability,Stability,17516,17525,2930,2930
C03R0145,3,Artwork vocabulary,stability,stability,17550,17559,2934,2934
C03R0146,3,Artwork vocabulary,stability,stability,17592,17601,2939,2939
C03R0147,3,Artwork vocabulary,stability,stability,17613,17622,2942,2942
C03R0148,3,Artwork vocabulary,stability,stability,17642,17651,2945,2945
C03R0149,3,Number expressions,thousand millions,thousand millions,17809,17826,2974,2975
C03R0150,3,Number expressions,hundred and fifty,hundred and fifty,17892,17909,2989,2991
C03R0151,3,Number expressions,two thousand millions,two thousand millions,17927,17948,2995,2997
C03R0152,3,Number expressions,hundred and fifty,hundred and fifty,17976,17993,3004,3006
C03R0153,3,Number expressions,thousand millions,thousand millions,18027,18044,3014,3015
C03R0154,3,Number expressions,thousand thousand thousand,thousand thousand thousand,18048,18074,3017,3019
C03R0155,3,Number expressions,thousand thousand thousand,thousand thousand thousand,18529,18555,3101,3103
C03R0156,3,Names,Fanny,Fanny,18618,18623,3117,3117
C03R0157,3,Number expressions,one,one,18721,18724,3133,3133
C03R0158,3,Number expressions,two,two,18728,18731,3135,3135
C03R0159,3,Artwork vocabulary,stability,Stability,18813,18822,3151,3151
C03R0160,3,Artwork vocabulary,stability,stability,18851,18860,3155,3155
C03R0161,3,Artwork vocabulary,stability,Stability,18896,18905,3162,3162
C03R0162,3,Names,Lenina,Lenina,19095,19101,3195,3195
C03R0163,3,Number expressions,one,one,19217,19220,3215,3215
C03R0164,3,Names,Fanny,Fanny,19258,19263,3222,3222
C03R0165,3,Names,Fanny,Fanny,19266,19271,3223,3223
C03R0166,3,Number expressions,one,one,19316,19319,3230,3230
C03R0167,3,Number expressions,one,one,19373,19376,3239,3239
C03R0168,3,Number expressions,one,one,19418,19421,3248,3248
C03R0169,3,Number expressions,one,one,19439,19442,3252,3252
C03R0170,3,Number expressions,one,one,19462,19465,3256,3256
C03R0171,3,Number expressions,one,one,19483,19486,3260,3260
C03R0172,3,Names,Lenina,Lenina,19494,19500,3262,3262
C03R0173,3,Names,Fanny,Fanny,19569,19574,3274,3274
C03R0174,3,Directions,right,right,19623,19628,3283,3283
C03R0175,3,Names,Fanny,Fanny,19630,19635,3284,3284
C03R0176,3,Number expressions,eight hundred,eight hundred,20030,20043,3351,3352
C03R0177,3,Names,Ford,Ford,20478,20482,3422,3422
C03R0178,3,Names,Lenina Crowne,Lenina Crowne,20552,20565,3434,3435
C03R0179,3,Names,Henry Foster,Henry Foster,20573,20585,3437,3438
C03R0180,3,Number expressions,first,first,20848,20853,3480,3480
C03R0181,3,Names,Bernard Marx,Bernard Marx,20932,20944,3493,3494
C03R0182,3,Names,Lenina,Lenina,21024,21030,3509,3509
C03R0183,3,Directions,left,left,21129,21133,3529,3529
C03R0184,3,Names,Bernard Marx,Bernard Marx,21157,21169,3534,3535
C03R0185,3,Names,Fanny,Fanny,21241,21246,3547,3547
C03R0186,3,Names,Bernard,Bernard,21301,21308,3558,3558
C03R0187,3,Symbol vocabulary,Alpha,Alpha,21314,21319,3560,3560
C03R0188,3,Number expressions,one,one,21356,21359,3569,3569
C03R0189,3,Names,Lenina,Lenina,21578,21584,3606,3606
C03R0190,3,Names,Fanny,Fanny,21662,21667,3621,3621
C03R0191,3,Symbol vocabulary,Gamma,Gamma,21913,21918,3667,3667
C03R0192,3,Names,Mustapha Mond,Mustapha Mond,21973,21986,3675,3676
C03R0193,3,Number expressions,one,one,22239,22242,3717,3717
C03R0194,3,Number expressions,four,four,22361,22365,3739,3739
C03R0195,3,Number expressions,first,first,22585,22590,3775,3775
C03R0196,3,Names,Bernard,Bernard,22770,22777,3807,3807
C03R0197,3,Names,Ford,Ford,22953,22957,3841,3841
C03R0198,3,Names,Ford,Ford,22959,22963,3842,3842
C03R0199,3,Names,Ford,Ford,22965,22969,3843,3843
C03R0200,3,Names,Henry Foster,Henry Foster,23099,23111,3871,3872
C03R0201,3,Names,Fanny,Fanny,23356,23361,3912,3912
C03R0202,3,Names,Fanny,Fanny,23416,23421,3924,3924
C03R0203,3,Names,Lenina,Lenina,23525,23531,3941,3941
C03R0204,3,Number expressions,one,One,23534,23537,3942,3942
C03R0205,3,Number expressions,one,one,23544,23547,3944,3944
C03R0206,3,Names,Fanny,Fanny,23594,23599,3955,3955
C03R0207,3,Symbol vocabulary,Gamma,Gamma,23696,23701,3974,3974
C03R0208,3,Names,Lenina,Lenina,23790,23796,3988,3988
C03R0209,3,Artwork vocabulary,liberty,liberty,24003,24010,4020,4020
C03R0210,3,Artwork vocabulary,liberty,Liberty,24027,24034,4024,4024
C03R0211,3,Artwork vocabulary,freedom,Freedom,24068,24075,4030,4030
C03R0212,3,Names,Henry Foster,Henry Foster,24180,24192,4051,4052
C03R0213,3,Number expressions,one,one,24252,24255,4061,4061
C03R0214,3,Number expressions,one,one,24273,24276,4065,4065
C03R0215,3,Number expressions,one hundred,One hundred,24295,24306,4069,4070
C03R0216,3,Number expressions,three,three,24319,24324,4072,4072
C03R0217,3,Number expressions,four,four,24343,24347,4077,4077
C03R0218,3,Names,Bernard Marx,Bernard Marx,24363,24375,4080,4081
C03R0219,3,Number expressions,sixty-two thousand four hundred,Sixty-two thousand four hundred,24413,24444,4088,4091
C03R0220,3,Number expressions,one,one,24462,24465,4094,4094
C03R0221,3,Symbol vocabulary,equal,equal,24631,24636,4117,4117
C03R0222,3,Names,Bernard,Bernard,24705,24712,4131,4131
C03R0223,3,Number expressions,two,two,24751,24754,4139,4139
C03R0224,3,Number expressions,nine,Nine,24796,24800,4147,4147
C03R0225,3,Number expressions,141,141,24826,24829,4153,4153
C03R0226,3,Names,Lenina,Lenina,25085,25091,4185,4185
C03R0227,3,Number expressions,fourteen thousand,fourteen thousand,25117,25134,4190,4191
C03R0228,3,Number expressions,eighth,Eighth,25205,25211,4203,4203
C03R0229,3,Number expressions,3,3,25366,25367,4231,4231
C03R0230,3,Number expressions,6,6,25370,25371,4233,4233
C03R0231,3,Number expressions,2,2,25374,25375,4235,4235
C03R0232,3,Number expressions,2,2,25380,25381,4237,4237
C03R0233,3,Number expressions,3,3,25384,25385,4239,4239
C03R0234,3,Number expressions,2,2,25395,25396,4241,4241
C03R0235,3,Names,Lenina,Lenina,25669,25675,4291,4291
C03R0236,3,Names,Fanny,Fanny,25795,25800,4310,4310
C03R0237,3,Names,Lenina,Lenina,25805,25811,4312,4312
C03R0238,3,Number expressions,nine,Nine,25854,25858,4319,4319
C03R0239,3,Artwork vocabulary,stability,stability,25966,25975,4336,4336
C03R0240,3,Names,Fanny Crowne,Fanny Crowne,25984,25996,4339,4340
C03R0241,3,Names,Lenina,Lenina,26411,26417,4411,4411
C03R0242,3,Names,Lenina,Lenina,26812,26818,4475,4475
C03R0243,3,Names,Fanny,Fanny,26824,26829,4477,4477
C03R0244,3,Names,Fanny,Fanny,26882,26887,4485,4485
C03R0245,3,Number expressions,one,One,27102,27105,4523,4523
C03R0246,3,Names,Fanny,Fanny,27127,27132,4528,4528
C03R0247,3,Directions,right,right,27426,27431,4579,4579
C03R0248,3,Names,Lenina,Lenina,27434,27440,4580,4580
C03R0249,3,Number expressions,eight hundred,Eight hundred,27548,27561,4600,4601
C03R0250,3,Artwork vocabulary,white,white,27717,27722,4627,4627
C03R0251,3,Number expressions,two thousand,Two thousand,27824,27836,4642,4643
C03R0252,3,Artwork vocabulary,white,white,27898,27903,4651,4651
C03R0253,3,Names,Lenina,Lenina,27922,27928,4655,4655
C03R0254,3,Names,Mustapha Mond,Mustapha Mond,28005,28018,4669,4670
C03R0255,3,Names,Lenina,Lenina,28270,28276,4706,4706
C03R0256,3,Names,Fanny,Fanny,28490,28495,4738,4738
C03R0257,3,Names,Lenina,Lenina,28537,28543,4744,4744
C03R0258,3,Artwork vocabulary,monuments,monuments,28709,28718,4772,4772
C03R0259,3,Number expressions,nine,Nine,28779,28783,4783,4783
C03R0260,3,Number expressions,one,one,28877,28880,4800,4800
C03R0261,3,Names,Fanny,Fanny,28896,28901,4804,4804
C03R0262,3,Artwork vocabulary,pyramids,pyramids,28938,28946,4811,4811
C03R0263,3,Artwork vocabulary,black,black,28969,28974,4816,4816
C03R0264,3,Names,Shakespeare,Shakespeare,29013,29024,4823,4823
C03R0265,3,Names,Ford,Ford,29268,29272,4863,4863
C03R0266,3,Number expressions,first,first,29275,29280,4864,4864
C03R0267,3,Symbol vocabulary,T-Model,T-Model,29281,29288,4865,4865
C03R0268,3,Number expressions,three,three,29312,29317,4871,4871
C03R0269,3,Names,Henry Foster,Henry Foster,29762,29774,4945,4946
C03R0270,3,Symbol vocabulary,crosses,crosses,29793,29800,4951,4951
C03R0271,3,Names,Ford,Ford,29937,29941,4976,4976
C03R0272,3,Names,Ford,Ford,30010,30014,4985,4985
C03R0273,3,Names,Bernard Marx,Bernard Marx,30034,30046,4990,4991
C03R0274,3,Number expressions,two thousand,Two thousand,30400,30412,5056,5057
C03R0275,3,Number expressions,178,178,30470,30473,5065,5065
C03R0276,3,Names,Bernard Marx,Bernard Marx,30543,30555,5076,5077
C03R0277,3,Number expressions,six,Six,30558,30561,5078,5078
C03R0278,3,Names,Marx,Marx,30700,30704,5097,5097
C03R0279,3,Names,Henry Foster,Henry Foster,30781,30793,5113,5114
C03R0280,3,Names,Ford,Ford,30907,30911,5135,5135
C03R0281,3,Names,Henry Foster,Henry Foster,31158,31170,5183,5184
C03R0282,3,Artwork vocabulary,stability,Stability,31184,31193,5187,5187
C03R0283,3,Number expressions,one,One,31221,31224,5191,5191
C03R0284,3,Number expressions,ten,ten,31248,31251,5195,5195
C03R0285,3,Names,Bernard Marx,Bernard Marx,31418,31430,5221,5222
C03R0286,3,Names,Fanny,Fanny,31750,31755,5275,5275
C03R0287,3,Number expressions,two,two,31874,31877,5293,5293
C03R0288,3,Number expressions,sixty,sixty,31958,31963,5308,5308
C03R0289,3,Number expressions,seventeen,seventeen,32008,32017,5318,5318
C03R0290,3,Names,Bernard Marx,Bernard Marx,32156,32168,5342,5343
C03R0291,3,Number expressions,half,half,32540,32544,5413,5413
C03R0292,3,Number expressions,half,half,32560,32564,5418,5418
C03R0293,3,Number expressions,two,two,32599,32602,5424,5424
C03R0294,3,Directions,east,East,32638,32642,5432,5432
C03R0295,3,Number expressions,three,three,32644,32649,5433,5433
C03R0296,3,Artwork vocabulary,moon,moon,32677,32681,5440,5440
C03R0297,3,Number expressions,thirty-three,thirty-three,33204,33216,5524,5524
C04R0001,4,Symbol vocabulary,Alpha,Alpha,53,58,12,12
C04R0002,4,Names,Lenina,Lenina,79,85,16,16
C04R0003,4,Number expressions,one,one,171,174,33,33
C04R0004,4,Number expressions,328,328,452,455,83,83
C04R0005,4,Names,Benito Hoover,Benito Hoover,474,487,87,88
C04R0006,4,Names,Bernard Marx,Bernard Marx,729,741,131,132
C04R0007,4,Names,Bernard,Bernard,744,751,133,133
C04R0008,4,Names,Benito Hoover,Benito Hoover,988,1001,181,182
C04R0009,4,Names,Fanny,Fanny,1298,1303,235,235
C04R0010,4,Names,Bernard,Bernard,1344,1351,244,244
C04R0011,4,Names,Lenina,Lenina,1365,1371,247,247
C04R0012,4,Names,Bernard,Bernard,1453,1460,262,262
C04R0013,4,Names,Lenina,Lenina,1747,1753,307,307
C04R0014,4,Names,Lenina,Lenina,1934,1940,341,341
C04R0015,4,Artwork vocabulary,tower,Tower,2220,2225,392,392
C04R0016,4,Names,Bernard,Bernard,2260,2267,399,399
C04R0017,4,Artwork vocabulary,black,black,2402,2407,423,423
C04R0018,4,Symbol vocabulary,Epsilon,Epsilon,2420,2427,427,427
C04R0019,4,Number expressions,eighteen,Eighteen,3084,3092,540,540
C04R0020,4,Number expressions,eighteen,Eighteen,3118,3126,546,546
C04R0021,4,Number expressions,five,five,3490,3494,609,609
C04R0022,4,Number expressions,six,six,3498,3501,611,611
C04R0023,4,Names,Bernard Marx,Bernard Marx,3552,3564,622,623
C04R0024,4,Artwork vocabulary,breath,breath,3577,3583,627,627
C04R0025,4,Names,Lenina,Lenina,3660,3666,643,643
C04R0026,4,Names,Bernard,Bernard,3885,3892,678,678
C04R0027,4,Symbol vocabulary,cross,cross,3905,3910,681,681
C04R0028,4,Names,Bernard,Bernard,4056,4063,711,711
C04R0029,4,Artwork vocabulary,white,white,4109,4114,719,719
C04R0030,4,Names,Bernard,Bernard,4400,4407,766,766
C04R0031,4,Names,Benito Hoover,Benito Hoover,4458,4471,776,777
C04R0032,4,Directions,right,right,4928,4933,858,858
C04R0033,4,Number expressions,one,One,4981,4984,864,864
C04R0034,4,Number expressions,ten,ten,5008,5011,868,868
C04R0035,4,Names,Bernard,Bernard,5034,5041,874,874
C04R0036,4,Names,Henry Foster,Henry Foster,5489,5501,950,951
C04R0037,4,Names,Lenina,Lenina,5559,5565,963,963
C04R0038,4,Number expressions,four,Four,5620,5624,972,972
C04R0039,4,Number expressions,two,two,5965,5968,1031,1031
C04R0040,4,Artwork vocabulary,tower,Tower,6245,6250,1076,1076
C04R0041,4,Directions,heads,heads,6400,6405,1103,1103
C04R0042,4,Number expressions,one,one,6414,6417,1106,1106
C04R0043,4,Number expressions,seven,Seven,6578,6583,1135,1135
C04R0044,4,Number expressions,half,half,6799,6803,1169,1169
C04R0045,4,Number expressions,first,first,7036,7041,1211,1211
C04R0046,4,Symbol vocabulary,circular,circular,7081,7089,1220,1220
C04R0047,4,Number expressions,twelve hundred,twelve hundred,7309,7323,1259,1260
C04R0048,4,Names,Lenina,Lenina,7447,7453,1284,1284
C04R0049,4,Number expressions,six,six,7542,7545,1301,1301
C04R0050,4,Number expressions,first,first,7613,7618,1312,1312
C04R0051,4,Artwork vocabulary,towers,towers,7730,7736,1328,1328
C04R0052,4,Number expressions,two thousand,two thousand,7785,7797,1336,1337
C04R0053,4,Symbol vocabulary,Beta,Beta,7798,7802,1338,1338
C04R0054,4,Symbol vocabulary,double,double,7862,7868,1346,1346
C04R0055,4,Symbol vocabulary,Delta,Delta,7975,7980,1366,1366
C04R0056,4,Names,Lenina,Lenina,8078,8084,1382,1382
C04R0057,4,Number expressions,seven and a half,seven and a half,8185,8201,1398,1401
C04R0058,4,Artwork vocabulary,black,black,8224,8229,1406,1406
C04R0059,4,Directions,west,West,8305,8309,1420,1420
C04R0060,4,Number expressions,one,One,8316,8319,1422,1422
C04R0061,4,Artwork vocabulary,white,white,8568,8573,1467,1467
C04R0062,4,Names,Lenina,Lenina,8695,8701,1487,1487
C04R0063,4,Symbol vocabulary,Gamma,Gamma,8741,8746,1494,1494
C04R0064,4,Artwork vocabulary,black,black,8758,8763,1497,1497
C04R0065,4,Symbol vocabulary,Beta,Beta,8890,8894,1516,1516
C04R0066,4,Names,Lenina,Lenina,9039,9045,1541,1541
C04R0067,4,Symbol vocabulary,Gamma,Gamma,9067,9072,1547,1547
C04R0068,4,Number expressions,ten,Ten,9075,9078,1548,1548
C04R0069,4,Number expressions,first,first,9140,9145,1560,1560
C04R0070,4,Number expressions,2,2,9172,9173,1566,1566
C04R0071,4,Names,Bernard,Bernard,9291,9298,1589,1589
C04R0072,4,Names,Benito Hoover,Benito Hoover,9549,9562,1636,1637
C04R0073,4,Names,Lenina,Lenina,9722,9728,1670,1670
C04R0074,4,Names,Henry Foster,Henry Foster,10181,10193,1752,1753
C04R0075,4,Symbol vocabulary,Delta,Delta,10520,10525,1813,1813
C04R0076,4,Artwork vocabulary,black,black,10690,10695,1842,1842
C04R0077,4,Names,Bernard,Bernard,10709,10716,1845,1845
C04R0078,4,Number expressions,one,one,10790,10793,1859,1859
C04R0079,4,Names,Bernard,Bernard,10917,10924,1882,1882
C04R0080,4,Names,Bernard,Bernard,11103,11110,1909,1909
C04R0081,4,Symbol vocabulary,Gamma,Gamma,11165,11170,1919,1919
C04R0082,4,Number expressions,eight,eight,11181,11186,1922,1922
C04R0083,4,Symbol vocabulary,Alpha,Alpha,11221,11226,1928,1928
C04R0084,4,Symbol vocabulary,Delta,Delta,11519,11524,1977,1977
C04R0085,4,Symbol vocabulary,Gammas,Gammas,11667,11673,2002,2002
C04R0086,4,Symbol vocabulary,Deltas,Deltas,11675,11681,2003,2003
C04R0087,4,Symbol vocabulary,Epsilons,Epsilons,11686,11694,2005,2005
C04R0088,4,Number expressions,one,one,12042,12045,2064,2064
C04R0089,4,Names,Henry Foster,Henry Foster,12402,12414,2122,2123
C04R0090,4,Names,Benito Hoover,Benito Hoover,12419,12432,2125,2126
C04R0091,4,Symbol vocabulary,Epsilon,Epsilon,12467,12474,2135,2135
C04R0092,4,Names,Bernard,Bernard,12856,12863,2204,2204
C04R0093,4,Number expressions,one,One,12875,12878,2206,2206
C04R0094,4,Directions,southwards,southwards,13117,13127,2253,2253
C04R0095,4,Number expressions,sixty,sixty,13247,13252,2273,2273
C04R0096,4,Number expressions,three,three,13359,13364,2293,2293
C04R0097,4,Symbol vocabulary,Gamma,Gamma,13446,13451,2307,2307
C04R0098,4,Symbol vocabulary,words,words,13489,13494,2316,2316
C04R0099,4,Number expressions,one,one,13510,13513,2319,2319
C04R0100,4,Symbol vocabulary,Delta,Delta,13528,13533,2322,2322
C04R0101,4,Number expressions,twenty-two,twenty-two,13660,13670,2342,2342
C04R0102,4,Number expressions,eighteen,eighteen,13827,13835,2368,2368
C04R0103,4,Names,Bernard,Bernard,13895,13902,2377,2377
C04R0104,4,Names,Helmholtz Watson,Helmholtz Watson,13977,13993,2392,2393
C04R0105,4,Symbol vocabulary,Gamma,Gamma,14011,14016,2397,2397
C04R0106,4,Names,Bernard Marx,Bernard Marx,14053,14065,2404,2405
C04R0107,4,Names,Helmholtz Watson,Helmholtz Watson,14132,14148,2420,2421
C04R0108,4,Symbol vocabulary,Alpha,Alpha,14830,14835,2539,2539
C04R0109,4,Directions,heads,heads,15227,15232,2601,2601
C04R0110,4,Directions,right,right,15329,15334,2618,2618
C04R0111,4,Names,Helmholtz Watson,Helmholtz Watson,15368,15384,2625,2626
C04R0112,4,Names,Bernard Marx,Bernard Marx,15425,15437,2634,2635
C04R0113,4,Names,Bernard,Bernard,15516,15523,2650,2650
C04R0114,4,Names,Helmholtz,Helmholtz,15700,15709,2683,2683
C04R0115,4,Number expressions,two,two,15795,15798,2699,2699
C04R0116,4,Names,Bernard,Bernard,15893,15900,2714,2714
C04R0117,4,Names,Helmholtz Watson,Helmholtz Watson,16036,16052,2738,2739
C04R0118,4,Number expressions,six hundred and forty,six hundred and forty,16215,16236,2766,2769
C04R0119,4,Number expressions,four,four,16262,16266,2774,2774
C04R0120,4,Number expressions,second,second,16425,16431,2800,2800
C04R0121,4,Names,Bernard,Bernard,16552,16559,2823,2823
C04R0122,4,Names,Helmholtz,Helmholtz,16620,16629,2835,2835
C04R0123,4,Number expressions,three,Three,16706,16711,2850,2850
C04R0124,4,Names,Helmholtz,Helmholtz,16824,16833,2871,2871
C04R0125,4,Names,Helmholtz,Helmholtz,17032,17041,2908,2908
C04R0126,4,Names,Bernard,Bernard,17236,17243,2942,2942
C04R0127,4,Names,Bernard,Bernard,17445,17452,2978,2978
C04R0128,4,Symbol vocabulary,words,words,17501,17506,2986,2986
C04R0129,4,Names,Helmholtz,Helmholtz,17544,17553,2995,2995
C04R0130,4,Names,Lenina Crowne,Lenina Crowne,17649,17662,3014,3015
C04R0131,4,Names,Helmholtz,Helmholtz,17752,17761,3036,3036
C04R0132,4,Number expressions,two,two,17843,17846,3052,3052
C04R0133,4,Names,Bernard,Bernard,18496,18503,3159,3159
C04R0134,4,Names,Helmholtz,Helmholtz,18512,18521,3161,3161
C04R0135,4,Names,Bernard,Bernard,18839,18846,3221,3221
C04R0136,4,Number expressions,one,one,18889,18892,3228,3228
C04R0137,4,Names,Helmholtz,Helmholtz,18937,18946,3236,3236
C04R0138,4,Symbol vocabulary,words,words,19366,19371,3319,3319
C04R0139,4,Names,Helmholtz,Helmholtz,19676,19685,3375,3375
C04R0140,4,Names,Helmholtz,Helmholtz,19713,19722,3382,3382
C04R0141,4,Number expressions,one,one,19963,19966,3425,3425
C04R0142,4,Number expressions,one,one,20003,20006,3433,3433
C04R0143,4,Symbol vocabulary,words,Words,20034,20039,3438,3438
C04R0144,4,Number expressions,one,one,20150,20153,3457,3457
C04R0145,4,Symbol vocabulary,words,words,20369,20374,3497,3497
C04R0146,4,Names,Bernard,Bernard,20583,20590,3534,3534
C04R0147,4,Names,Helmholtz,Helmholtz,20701,20710,3552,3552
C04R0148,4,Names,Bernard,Bernard,20856,20863,3579,3579
C04R0149,4,Names,Helmholtz Watson,Helmholtz Watson,21301,21317,3654,3655
C04R0150,4,Names,Bernard,Bernard,21376,21383,3665,3665
C04R0151,4,Names,Bernard,Bernard,21476,21483,3684,3684
C05R0001,5,Number expressions,eight,EIGHT,17,22,5,5
C05R0002,5,Artwork vocabulary,tower,tower,78,83,16,16
C05R0003,5,Names,Lenina,Lenina,189,195,37,37
C05R0004,5,Number expressions,two and a half,two and a half,541,555,94,97
C05R0005,5,Number expressions,one,one,626,629,110,110
C05R0006,5,Names,Lenina,Lenina,748,754,130,130
C05R0007,5,Number expressions,eight hundred,eight hundred,812,825,141,142
C05R0008,5,Number expressions,two,two,902,905,157,157
C05R0009,5,Directions,northwards,Northwards,1171,1181,203,203
C05R0010,5,Number expressions,twenty,twenty,1322,1328,226,226
C05R0011,5,Symbol vocabulary,Alpha,Alpha,1491,1496,255,255
C05R0012,5,Symbol vocabulary,Beta,Beta,1501,1505,257,257
C05R0013,5,Artwork vocabulary,black,black,1559,1564,266,266
C05R0014,5,Number expressions,four,four,1862,1866,314,314
C05R0015,5,Names,Lenina,Lenina,2040,2046,341,341
C05R0016,5,Number expressions,four,four,2154,2158,357,357
C05R0017,5,Number expressions,2,2,2182,2183,361,361
C05R0018,5,Number expressions,5,5,2186,2187,363,363
C05R0019,5,Directions,right,right,2199,2204,367,367
C05R0020,5,Number expressions,one,one,2254,2257,376,376
C05R0021,5,Number expressions,ninety-eight,ninety-eight,2281,2293,381,381
C05R0022,5,Number expressions,half,half,2333,2337,392,392
C05R0023,5,Number expressions,four hundred,four hundred,2385,2397,402,403
C05R0024,5,Names,Lenina,Lenina,2652,2658,447,447
C05R0025,5,Symbol vocabulary,Alphas,Alphas,2799,2805,469,469
C05R0026,5,Symbol vocabulary,Betas,Betas,2810,2815,471,471
C05R0027,5,Symbol vocabulary,Gammas,Gammas,2872,2878,482,482
C05R0028,5,Symbol vocabulary,Deltas,Deltas,2883,2889,484,484
C05R0029,5,Symbol vocabulary,Epsilons,Epsilons,2894,2902,486,486
C05R0030,5,Symbol vocabulary,equal,equal,2948,2953,493,493
C05R0031,5,Symbol vocabulary,Epsilons,Epsilons,2997,3005,499,499
C05R0032,5,Symbol vocabulary,Epsilon,Epsilon,3048,3055,505,505
C05R0033,5,Names,Lenina,Lenina,3059,3065,507,507
C05R0034,5,Number expressions,first,first,3202,3207,534,534
C05R0035,5,Artwork vocabulary,white,white,3319,3324,556,556
C05R0036,5,Symbol vocabulary,words,words,3383,3388,568,568
C05R0037,5,Number expressions,one,one,3474,3477,579,579
C05R0038,5,Number expressions,one,one,3494,3497,583,583
C05R0039,5,Number expressions,one,one,3528,3531,590,590
C05R0040,5,Symbol vocabulary,Epsilons,Epsilons,3538,3546,592,592
C05R0041,5,Symbol vocabulary,Epsilons,Epsilons,3582,3590,599,599
C05R0042,5,Number expressions,one,one,3598,3601,601,601
C05R0043,5,Number expressions,one,one,3618,3621,605,605
C05R0044,5,Number expressions,one,one,3652,3655,612,612
C05R0045,5,Names,Lenina,Lenina,3659,3665,614,614
C05R0046,5,Number expressions,first,first,3681,3686,617,617
C05R0047,5,Number expressions,half,half,3740,3744,626,626
C05R0048,5,Symbol vocabulary,Epsilons,Epsilons,3929,3937,657,657
C05R0049,5,Symbol vocabulary,Epsilons,Epsilons,3962,3970,662,662
C05R0050,5,Symbol vocabulary,Epsilon,Epsilon,4212,4219,704,704
C05R0051,5,Names,Lenina,Lenina,4227,4233,706,706
C05R0052,5,Symbol vocabulary,Epsilon,Epsilon,4272,4279,714,714
C05R0053,5,Symbol vocabulary,Beta,Beta,4369,4373,730,730
C05R0054,5,Symbol vocabulary,Alpha,Alpha,4380,4385,733,733
C05R0055,5,Directions,west,west,4486,4490,751,751
C05R0056,5,Names,Lenina,Lenina,4797,4803,806,806
C05R0057,5,Symbol vocabulary,Alpha,Alpha,5084,5089,858,858
C05R0058,5,Symbol vocabulary,Epsilon,Epsilon,5096,5103,861,861
C05R0059,5,Number expressions,one,one,5190,5193,875,875
C05R0060,5,Names,Lenina,Lenina,5341,5347,902,902
C05R0061,5,Symbol vocabulary,words,words,5368,5373,907,907
C05R0062,5,Number expressions,hundred and fifty,hundred and fifty,5385,5402,910,912
C05R0063,5,Number expressions,twelve,twelve,5425,5431,917,917
C05R0064,5,Number expressions,forty,forty,5470,5475,925,925
C05R0065,5,Names,Lenina,Lenina,5658,5664,955,955
C05R0066,5,Number expressions,two half,two half,5670,5678,957,958
C05R0067,5,Number expressions,three,three,5704,5709,962,962
C05R0068,5,Number expressions,twenty,twenty,5714,5720,964,964
C05R0069,5,Number expressions,nine,nine,5726,5730,966,966
C05R0070,5,Names,Lenina,Lenina,5908,5914,997,997
C05R0071,5,Number expressions,sixteen,SIXTEEN,6038,6045,1016,1016
C05R0072,5,Symbol vocabulary,letters,letters,6104,6111,1027,1027
C05R0073,5,Number expressions,sixteen,Sixteen,6403,6410,1074,1074
C05R0074,5,Number expressions,four hundred,Four hundred,6534,6546,1096,1097
C05R0075,5,Number expressions,five,five,6560,6564,1100,1100
C05R0076,5,Names,Lenina,Lenina,6600,6606,1105,1105
C05R0077,5,Number expressions,four hundred and first,four hundred and first,6631,6653,1111,1114
C05R0078,5,Artwork vocabulary,moon,moon,6707,6711,1123,1123
C05R0079,5,Number expressions,sixteen,sixteen,7018,7025,1177,1177
C05R0080,5,Number expressions,quarter,quarter,7227,7234,1210,1210
C05R0081,5,Number expressions,five-four,five-four,7319,7328,1225,1225
C05R0082,5,Number expressions,sixteen,Sixteen,7515,7522,1253,1253
C05R0083,5,Number expressions,five,Five,7766,7770,1299,1299
C05R0084,5,Number expressions,four hundred,four hundred,7795,7807,1303,1304
C05R0085,5,Names,Lenina,Lenina,7843,7849,1310,1310
C05R0086,5,Number expressions,one,one,8032,8035,1338,1338
C05R0087,5,Names,Lenina,Lenina,8093,8099,1350,1350
C05R0088,5,Number expressions,sixteen,Sixteen,8252,8259,1377,1377
C05R0089,5,Names,Lenina,Lenina,8681,8687,1442,1442
C05R0090,5,Directions,left,left,8698,8702,1445,1445
C05R0091,5,Number expressions,two,two,8878,8881,1475,1475
C05R0092,5,Number expressions,half,half,8957,8961,1487,1487
C05R0093,5,Number expressions,second,second,8996,9002,1494,1494
C05R0094,5,Number expressions,twenty-eighth,twenty-eighth,9186,9199,1527,1527
C05R0095,5,Number expressions,second,second,9257,9263,1540,1540
C05R0096,5,Names,Lenina,Lenina,9281,9287,1545,1545
C05R0097,5,Number expressions,twelve,twelve,9416,9422,1565,1565
C05R0098,5,Number expressions,seventeen,seventeen,9426,9435,1567,1567
C05R0099,5,Number expressions,three,three,9454,9459,1570,1570
C05R0100,5,Names,Fanny Crowne,Fanny Crowne,9636,9648,1602,1603
C05R0101,5,Number expressions,2,2,9746,9747,1620,1620
C05R0102,5,Weekdays,Thursdays,Thursdays,9759,9768,1623,1623
C05R0103,5,Names,Bernard,Bernard,9774,9781,1625,1625
C05R0104,5,Number expressions,two,Two,9909,9912,1645,1645
C05R0105,5,Number expressions,hundred,hundred,10057,10064,1675,1675
C05R0106,5,Directions,eastwards,eastwards,10085,10094,1679,1679
C05R0107,5,Names,Bernard,Bernard,10127,10134,1686,1686
C05R0108,5,Number expressions,three hundred and twenty,three hundred and twenty,10203,10227,1695,1698
C05R0109,5,Artwork vocabulary,white,white,10238,10243,1701,1701
C05R0110,5,Number expressions,four,four,10331,10335,1715,1715
C05R0111,5,Number expressions,twenty-four,twenty-four,10440,10451,1734,1734
C05R0112,5,Names,Bernard,Bernard,10525,10532,1746,1746
C05R0113,5,Number expressions,first,first,10555,10560,1752,1752
C05R0114,5,Names,Ford,Ford,10683,10687,1776,1776
C05R0115,5,Names,Ford,Ford,10752,10756,1788,1788
C05R0116,5,Names,Ford,Ford,10758,10762,1789,1789
C05R0117,5,Names,Ford,Ford,10764,10768,1790,1790
C05R0118,5,Number expressions,nine,Nine,10772,10776,1792,1792
C05R0119,5,Names,Bernard,Bernard,10784,10791,1794,1794
C05R0120,5,Names,Ford,Ford,10835,10839,1803,1803
C05R0121,5,Number expressions,hundred,hundred,10939,10946,1821,1821
C05R0122,5,Number expressions,seven thousand,seven thousand,10971,10985,1827,1828
C05R0123,5,Names,Bernard,Bernard,11048,11055,1838,1838
C05R0124,5,Number expressions,thirty-three,thirty-three,11078,11090,1843,1843
C05R0125,5,Number expressions,3210,3210,11163,11167,1855,1855
C05R0126,5,Names,Ford,Ford,11237,11241,1868,1868
C05R0127,5,Number expressions,three,Three,11264,11269,1874,1874
C05R0128,5,Number expressions,twelve,twelve,11284,11290,1878,1878
C05R0129,5,Symbol vocabulary,circular,circular,11310,11318,1882,1882
C05R0130,5,Directions,left,left,11567,11571,1925,1925
C05R0131,5,Names,Bernard,Bernard,11615,11622,1930,1930
C05R0132,5,Names,Ford,Ford,11638,11642,1934,1934
C05R0133,5,Names,Morgana Rothschild,Morgana Rothschild,11651,11669,1937,1938
C05R0134,5,Directions,left,left,11889,11893,1976,1976
C05R0135,5,Names,Bernard,Bernard,11948,11955,1985,1985
C05R0136,5,Names,Ford,Ford,12269,12273,2038,2038
C05R0137,5,Artwork vocabulary,black,black,12281,12286,2040,2040
C05R0138,5,Names,Ford,Ford,12354,12358,2051,2051
C05R0139,5,Directions,right,right,12371,12376,2055,2055
C05R0140,5,Directions,right,right,12508,12513,2076,2076
C05R0141,5,Symbol vocabulary,circle,circle,12880,12886,2138,2138
C05R0142,5,Number expressions,twelve,Twelve,12980,12986,2155,2155
C05R0143,5,Number expressions,one,one,13012,13015,2162,2162
C05R0144,5,Number expressions,twelve,twelve,13070,13076,2173,2173
C05R0145,5,Symbol vocabulary,sign of the T,sign of the T,13149,13162,2186,2189
C05R0146,5,Number expressions,first,first,13393,13398,2223,2223
C05R0147,5,Symbol vocabulary,sign of the T,sign of the T,13640,13653,2264,2267
C05R0148,5,Number expressions,twelve,twelve,13884,13890,2309,2309
C05R0149,5,Number expressions,first,First,13963,13968,2321,2321
C05R0150,5,Names,Ford,Ford,13996,14000,2326,2326
C05R0151,5,Number expressions,twelve,twelve,14009,14015,2329,2329
C05R0152,5,Number expressions,one,one,14029,14032,2333,2333
C05R0153,5,Number expressions,twelve,Twelve,14135,14141,2352,2352
C05R0154,5,Number expressions,second,second,14197,14203,2363,2363
C05R0155,5,Number expressions,second,Second,14403,14409,2399,2399
C05R0156,5,Number expressions,twelve,Twelve,14486,14492,2410,2410
C05R0157,5,Number expressions,one,One,14496,14499,2410,2410
C05R0158,5,Number expressions,twelve,twelve,14572,14578,2426,2426
C05R0159,5,Names,Bernard,Bernard,14759,14766,2458,2458
C05R0160,5,Names,Morgana Rothschild,Morgana Rothschild,14802,14820,2465,2466
C05R0161,5,Artwork vocabulary,black,black,14899,14904,2483,2483
C05R0162,5,Number expressions,two,two,14905,14908,2484,2484
C05R0163,5,Number expressions,one,one,14912,14915,2484,2484
C05R0164,5,Number expressions,third,third,15099,15104,2517,2517
C05R0165,5,Names,Morgana Rothschild,Morgana Rothschild,15184,15202,2533,2534
C05R0166,5,Symbol vocabulary,circular,circular,15249,15257,2544,2544
C05R0167,5,Names,Bernard,Bernard,15325,15332,2558,2558
C05R0168,5,Number expressions,third,third,15822,15827,2651,2651
C05R0169,5,Directions,heads,heads,16578,16583,2776,2776
C05R0170,5,Names,Ford,Ford,16603,16607,2780,2780
C05R0171,5,Names,Ford,Ford,16609,16613,2781,2781
C05R0172,5,Names,Ford,Ford,16615,16619,2782,2782
C05R0173,5,Names,Ford,Ford,16916,16920,2832,2832
C05R0174,5,Names,Ford,Ford,16943,16947,2836,2836
C05R0175,5,Symbol vocabulary,words,words,17233,17238,2881,2881
C05R0176,5,Names,Morgana Rothschild,Morgana Rothschild,17753,17771,2967,2968
C05R0177,5,Names,Bernard,Bernard,18331,18338,3061,3061
C05R0178,5,Symbol vocabulary,circular,circular,18692,18700,3128,3128
C05R0179,5,Number expressions,twelve,twelve,18931,18937,3170,3170
C05R0180,5,Number expressions,one,one,18964,18967,3176,3176
C05R0181,5,Number expressions,one,one,18972,18975,3178,3178
C05R0182,5,Number expressions,twelve,twelve,18977,18983,3179,3179
C05R0183,5,Number expressions,twelve,Twelve,19014,19020,3183,3183
C05R0184,5,Number expressions,one,one,19024,19027,3185,3185
C05R0185,5,Number expressions,twelve,twelve,19029,19035,3186,3186
C05R0186,5,Number expressions,one,one,19039,19042,3188,3188
C05R0187,5,Symbol vocabulary,words,words,19214,19219,3220,3220
C05R0188,5,Number expressions,twelve,Twelve,19318,19324,3235,3235
C05R0189,5,Number expressions,one,One,19328,19331,3235,3235
C05R0190,5,Names,Ford,Ford,19467,19471,3255,3255
C05R0191,5,Number expressions,one,One,19510,19513,3264,3264
C05R0192,5,Names,Ford,Ford,19648,19652,3284,3284
C05R0193,5,Symbol vocabulary,circle,circle,20045,20051,3354,3354
C05R0194,5,Symbol vocabulary,circle,circle,20139,20145,3367,3367
C05R0195,5,Symbol vocabulary,circle,circle,20156,20162,3369,3369
C05R0196,5,Number expressions,eleven,eleven,20440,20446,3417,3417
C05R0197,5,Names,Bernard,Bernard,20565,20572,3437,3437
C05R0198,5,Names,Bernard,Bernard,21138,21145,3536,3536
C06R0001,6,Names,Lenina,Lenina,33,39,9,9
C06R0002,6,Names,Bernard Marx,Bernard Marx,53,65,12,13
C06R0003,6,Directions,north,North,248,253,47,47
C06R0004,6,Names,Benito Hoover,Benito Hoover,264,277,50,51
C06R0005,6,Directions,north,North,313,318,59,59
C06R0006,6,Number expressions,twenty-five,twenty-five,586,597,106,106
C06R0007,6,Number expressions,two hundred,two hundred,631,642,111,112
C06R0008,6,Directions,north,North,687,692,120,120
C06R0009,6,Directions,west,West,977,981,167,167
C06R0010,6,Number expressions,three,three,1053,1058,181,181
C06R0011,6,Number expressions,half a dozen,half a dozen,1132,1144,196,198
C06R0012,6,Symbol vocabulary,Alpha,Alpha,1221,1226,213,213
C06R0013,6,Names,Bernard,Bernard,1246,1253,215,215
C06R0014,6,Number expressions,one,one,1258,1261,217,217
C06R0015,6,Names,Lenina,Lenina,1312,1318,229,229
C06R0016,6,Names,Bernard,Bernard,1376,1383,240,240
C06R0017,6,Names,Bernard,Bernard,1535,1542,267,267
C06R0018,6,Names,Fanny,Fanny,1583,1588,274,274
C06R0019,6,Number expressions,one,one,1648,1651,283,283
C06R0020,6,Names,Lenina,Lenina,1692,1698,291,291
C06R0021,6,Names,Bernard,Bernard,1769,1776,303,303
C06R0022,6,Names,Bernard,Bernard,1976,1983,335,335
C06R0023,6,Number expressions,one,one,1986,1989,336,336
C06R0024,6,Number expressions,one,one,2347,2350,396,396
C06R0025,6,Number expressions,one,one,2414,2417,409,409
C06R0026,6,Number expressions,first,first,2492,2497,423,423
C06R0027,6,Names,Lenina,Lenina,2554,2560,432,432
C06R0028,6,Names,Bernard,Bernard,2649,2656,449,449
C06R0029,6,Names,Bernard,Bernard,2782,2789,473,473
C06R0030,6,Names,Lenina,Lenina,2879,2885,488,488
C06R0031,6,Names,Lenina,Lenina,3084,3090,526,526
C06R0032,6,Names,Bernard,Bernard,3099,3106,528,528
C06R0033,6,Names,Bernard,Bernard,3138,3145,535,535
C06R0034,6,Names,Lenina,Lenina,3578,3584,605,605
C06R0035,6,Number expressions,dozens,dozens,3613,3619,611,611
C06R0036,6,Number expressions,half,half,3734,3738,632,632
C06R0037,6,Number expressions,nine,nine,3902,3906,659,659
C06R0038,6,Names,Lenina,Lenina,3914,3920,661,661
C06R0039,6,Names,Bernard,Bernard,3974,3981,669,669
C06R0040,6,Number expressions,one,one,4077,4080,684,684
C06R0041,6,Number expressions,ten,ten,4104,4107,688,688
C06R0042,6,Names,Ford,Ford,4137,4141,693,693
C06R0043,6,Names,Lenina,Lenina,4173,4179,699,699
C06R0044,6,Names,Bernard,Bernard,4341,4348,727,727
C06R0045,6,Number expressions,hundred,hundred,4431,4438,741,741
C06R0046,6,Directions,south,south,4506,4511,756,756
C06R0047,6,Names,Lenina,Lenina,4609,4615,772,772
C06R0048,6,Artwork vocabulary,black,black,4712,4717,790,790
C06R0049,6,Artwork vocabulary,moon,moon,4783,4787,802,802
C06R0050,6,Number expressions,sixteen,sixteen,4993,5000,839,839
C06R0051,6,Names,Bernard,Bernard,5077,5084,851,851
C06R0052,6,Number expressions,one,One,5163,5166,868,868
C06R0053,6,Symbol vocabulary,words,words,5347,5352,903,903
C06R0054,6,Names,Lenina,Lenina,5568,5574,949,949
C06R0055,6,Names,Lenina,Lenina,5581,5587,951,951
C06R0056,6,Number expressions,one,one,5752,5755,982,982
C06R0057,6,Number expressions,one,one,5772,5775,986,986
C06R0058,6,Number expressions,one,one,5806,5809,993,993
C06R0059,6,Symbol vocabulary,Epsilons,Epsilons,5816,5824,995,995
C06R0060,6,Names,Bernard,Bernard,5848,5855,1001,1001
C06R0061,6,Symbol vocabulary,Epsilons,Epsilons,5875,5883,1004,1004
C06R0062,6,Names,Lenina,Lenina,5941,5947,1017,1017
C06R0063,6,Names,Bernard,Bernard,5979,5986,1023,1023
C06R0064,6,Names,Bernard,Bernard,6307,6314,1083,1083
C06R0065,6,Names,Lenina,Lenina,6385,6391,1096,1096
C06R0066,6,Number expressions,five,five,6586,6590,1129,1129
C06R0067,6,Names,Lenina,Lenina,6656,6662,1144,1144
C06R0068,6,Names,Bernard,Bernard,6813,6820,1173,1173
C06R0069,6,Names,Bernard,Bernard,6909,6916,1191,1191
C06R0070,6,Artwork vocabulary,moon,moon,7019,7023,1210,1210
C06R0071,6,Names,Lenina,Lenina,7668,7674,1319,1319
C06R0072,6,Names,Bernard,Bernard,7817,7824,1343,1343
C06R0073,6,Directions,right,right,7876,7881,1355,1355
C06R0074,6,Number expressions,four thousand,four thousand,8003,8016,1378,1379
C06R0075,6,Number expressions,two,two,8080,8083,1392,1392
C06R0076,6,Names,Bernard,Bernard,8101,8108,1395,1395
C06R0077,6,Names,Lenina,Lenina,8139,8145,1401,1401
C06R0078,6,Number expressions,one,one,8244,8247,1418,1418
C06R0079,6,Names,Ford,Ford,8341,8345,1435,1435
C06R0080,6,Directions,right,right,8379,8384,1442,1442
C06R0081,6,Number expressions,half,Half,8393,8397,1444,1444
C06R0082,6,Names,Bernard,Bernard,8441,8448,1454,1454
C06R0083,6,Number expressions,four,four,8459,8463,1456,1456
C06R0084,6,Names,Lenina,Lenina,8556,8562,1474,1474
C06R0085,6,Names,Bernard,Bernard,8679,8686,1494,1494
C06R0086,6,Number expressions,one,one,8765,8768,1509,1509
C06R0087,6,Names,Lenina,Lenina,8803,8809,1515,1515
C06R0088,6,Names,Bernard,Bernard,8896,8903,1530,1530
C06R0089,6,Directions,right,right,9082,9087,1565,1565
C06R0090,6,Names,Lenina,Lenina,9222,9228,1588,1588
C06R0091,6,Names,Lenina,Lenina,9492,9498,1633,1633
C06R0092,6,Number expressions,first,first,9537,9542,1641,1641
C06R0093,6,Names,Lenina,Lenina,9635,9641,1658,1658
C06R0094,6,Symbol vocabulary,words,words,9822,9827,1695,1695
C06R0095,6,Number expressions,two hundred,Two hundred,9945,9956,1718,1719
C06R0096,6,Symbol vocabulary,twice,twice,9970,9975,1721,1721
C06R0097,6,Number expressions,fourteen,fourteen,9988,9996,1725,1725
C06R0098,6,Number expressions,sixteen and a half,sixteen and a half,10000,10018,1727,1730
C06R0099,6,Names,Lenina,Lenina,10214,10220,1765,1765
C06R0100,6,Names,Bernard,Bernard,10271,10278,1774,1774
C06R0101,6,Names,Bernard,Bernard,10285,10292,1776,1776
C06R0102,6,Names,Ford,Ford,10430,10434,1796,1796
C06R0103,6,Names,Bernard,Bernard,10527,10534,1810,1810
C06R0104,6,Names,Lenina,Lenina,10615,10621,1826,1826
C06R0105,6,Names,Lenina,Lenina,10776,10782,1853,1853
C06R0106,6,Names,Lenina,Lenina,10920,10926,1876,1876
C06R0107,6,Names,Fanny,Fanny,11045,11050,1899,1899
C06R0108,6,Names,Lenina,Lenina,11062,11068,1902,1902
C06R0109,6,Names,Lenina,Lenina,11162,11168,1919,1919
C06R0110,6,Number expressions,2,2,11333,11334,1950,1950
C06R0111,6,Names,Bernard,Bernard,11398,11405,1963,1963
C06R0112,6,Artwork vocabulary,breath,breath,11418,11424,1967,1967
C06R0113,6,Names,Mustapha Mond,Mustapha Mond,11814,11827,2036,2037
C06R0114,6,Artwork vocabulary,black,black,11838,11843,2040,2040
C06R0115,6,Number expressions,two,two,11953,11956,2057,2057
C06R0116,6,Symbol vocabulary,letters,letters,11968,11975,2060,2060
C06R0117,6,Names,Mustapha Mond,Mustapha Mond,11998,12011,2066,2067
C06R0118,6,Names,Ford,Ford,12082,12086,2081,2081
C06R0119,6,Names,Bernard,Bernard,12246,12253,2111,2111
C06R0120,6,Names,Bernard,Bernard,12325,12332,2122,2122
C06R0121,6,Names,Bernard,Bernard,12476,12483,2149,2149
C06R0122,6,Number expressions,twenty,Twenty,12486,12492,2150,2150
C06R0123,6,Number expressions,twenty-five,twenty-five,12518,12529,2155,2155
C06R0124,6,Names,Bernard,Bernard,12590,12597,2169,2169
C06R0125,6,Number expressions,one,one,12896,12899,2220,2220
C06R0126,6,Names,Bernard,Bernard,13172,13179,2263,2263
C06R0127,6,Symbol vocabulary,Beta,Beta,13410,13414,2310,2310
C06R0128,6,Number expressions,one,one,13740,13743,2371,2371
C06R0129,6,Names,Ford,Ford,14781,14785,2572,2572
C06R0130,6,Number expressions,one,one,14975,14978,2610,2610
C06R0131,6,Names,Bernard,Bernard,15443,15450,2691,2691
C06R0132,6,Names,Bernard,Bernard,15577,15584,2715,2715
C06R0133,6,Names,Bernard,Bernard,15866,15873,2760,2760
C06R0134,6,Names,Bernard,Bernard,16041,16048,2790,2790
C06R0135,6,Names,Marx,Marx,16147,16151,2809,2809
C06R0136,6,Symbol vocabulary,Alphas,Alphas,16452,16458,2867,2867
C06R0137,6,Names,Marx,Marx,16702,16706,2912,2912
C06R0138,6,Names,Bernard,Bernard,17203,17210,2996,2996
C06R0139,6,Directions,left,left,17211,17215,2997,2997
C06R0140,6,Directions,left,left,17480,17484,3040,3040
C06R0141,6,Names,Helmholtz Watson,Helmholtz Watson,18148,18164,3154,3155
C06R0142,6,Names,Helmholtz,Helmholtz,18260,18269,3169,3169
C06R0143,6,Names,Bernard,Bernard,18313,18320,3178,3178
C06R0144,6,Names,Bernard,Bernard,18491,18498,3210,3210
C06R0145,6,Names,Bernard,Bernard,18776,18783,3257,3257
C06R0146,6,Names,Helmholtz,Helmholtz,18805,18814,3261,3261
C06R0147,6,Names,Bernard,Bernard,18861,18868,3270,3270
C06R0148,6,Number expressions,3,3,18896,18897,3276,3276
C06R0149,6,Number expressions,two and a half,two and a half,18961,18975,3288,3291
C06R0150,6,Number expressions,four,four,19011,19015,3298,3298
C06R0151,6,Number expressions,95,95,19101,19103,3314,3314
C06R0152,6,Directions,west,West,19104,19108,3315,3315
C06R0153,6,Number expressions,forty,forty,19153,19158,3326,3326
C06R0154,6,Number expressions,forty,Forty,19190,19195,3331,3331
C06R0155,6,Number expressions,six and a half,six and a half,19209,19223,3335,3338
C06R0156,6,Names,Lenina,Lenina,19250,19256,3344,3344
C06R0157,6,Names,Lenina,Lenina,19407,19413,3368,3368
C06R0158,6,Number expressions,eight,eight,19560,19565,3388,3388
C06R0159,6,Directions,left,left,19689,19693,3411,3411
C06R0160,6,Number expressions,sixty,sixty,19764,19769,3425,3425
C06R0161,6,Names,Lenina,Lenina,19934,19940,3451,3451
C06R0162,6,Number expressions,sixty,Sixty,19977,19982,3459,3459
C06R0163,6,Names,Bernard,Bernard,20051,20058,3470,3470
C06R0164,6,Names,Lenina,Lenina,20181,20187,3495,3495
C06R0165,6,Number expressions,five hundred,Five hundred,20322,20334,3521,3522
C06R0166,6,Number expressions,thirteen,thirteen,20364,20372,3528,3528
C06R0167,6,Number expressions,seventeen,seventeen,20376,20385,3530,3530
C06R0168,6,Names,Bernard,Bernard,20393,20400,3532,3532
C06R0169,6,Names,Bernard,Bernard,20605,20612,3570,3570
C06R0170,6,Symbol vocabulary,Epsilon,Epsilon,20776,20783,3598,3598
C06R0171,6,Names,Bernard,Bernard,20810,20817,3603,3603
C06R0172,6,Symbol vocabulary,Alpha,Alpha,20911,20916,3618,3618
C06R0173,6,Artwork vocabulary,moon,moon,20936,20940,3621,3621
C06R0174,6,Number expressions,five hundred and sixty thousand,five hundred and sixty thousand,21169,21200,3657,3661
C06R0175,6,Number expressions,four,four,21233,21237,3666,3666
C06R0176,6,Names,Bernard,Bernard,21356,21363,3684,3684
C06R0177,6,Directions,left,left,21396,21400,3690,3690
C06R0178,6,Names,Bernard,Bernard,21600,21607,3727,3727
C06R0179,6,Names,Helmholtz Watson,Helmholtz Watson,21714,21730,3744,3745
C06R0180,6,Number expressions,five thousand,five thousand,21747,21760,3749,3750
C06R0181,6,Number expressions,sixty thousand,sixty thousand,21786,21800,3755,3756
C06R0182,6,Names,Lenina,Lenina,21834,21840,3763,3763
C06R0183,6,Number expressions,half,half,22013,22017,3792,3792
C06R0184,6,Names,Bernard,Bernard,22390,22397,3857,3857
C06R0185,6,Number expressions,half,half,22399,22403,3858,3858
C06R0186,6,Artwork vocabulary,black,black,22453,22458,3868,3868
C06R0187,6,Names,Bernard,Bernard,22648,22655,3900,3900
C06R0188,6,Names,Lenina,Lenina,22788,22794,3924,3924
C06R0189,6,Names,Lenina,Lenina,23007,23013,3960,3960
C06R0190,6,Number expressions,six,Six,23278,23281,4007,4007
C06R0191,6,Names,Bernard,Bernard,23309,23316,4012,4012
C06R0192,6,Number expressions,six,Six,23593,23596,4063,4063
C06R0193,6,Number expressions,twenty-four,twenty-four,23603,23614,4065,4065
C06R0194,6,Number expressions,six,six,23638,23641,4070,4070
C06R0195,6,Number expressions,thirty-six,thirty-six,23648,23658,4072,4072
C06R0196,6,Names,Bernard,Bernard,23660,23667,4073,4073
C06R0197,6,Number expressions,sixty thousand,sixty thousand,23755,23769,4087,4088
C06R0198,6,Number expressions,half,half,23782,23786,4091,4091
C06R0199,6,Names,Bernard,Bernard,24331,24338,4178,4178
C06R0200,6,Number expressions,three,three,24401,24406,4190,4190
C06R0201,6,Names,Helmholtz Watson,Helmholtz Watson,24428,24444,4196,4197
C06R0202,6,Names,Lenina,Lenina,24552,24558,4213,4213
C06R0203,6,Names,Ford,Ford,24613,24617,4223,4223
C06R0204,6,Names,Helmholtz,Helmholtz,24651,24660,4231,4231
C06R0205,6,Names,Helmholtz,Helmholtz,24662,24671,4232,4232
C06R0206,6,Number expressions,one,one,24924,24927,4281,4281
C06R0207,6,Names,Bernard,Bernard,24947,24954,4286,4286
C06R0208,6,Names,Ford,Ford,25044,25048,4302,4302
C06R0209,6,Names,Lenina,Lenina,25104,25110,4314,4314
C06R0210,6,Names,Bernard,Bernard,25979,25986,4467,4467
C06R0211,6,Directions,left,left,26070,26074,4481,4481
C06R0212,6,Names,Lenina,Lenina,26289,26295,4519,4519
C06R0213,6,Number expressions,four,four,26423,26427,4546,4546
C06R0214,6,Number expressions,five,Five,26446,26450,4551,4551
C06R0215,6,Symbol vocabulary,Gamma,Gamma,26735,26740,4603,4603
C06R0216,6,Number expressions,ten,ten,26833,26836,4617,4617
C06R0217,6,Number expressions,dozen,dozen,26842,26847,4620,4620
C06R0218,6,Number expressions,ten,Ten,27144,27147,4674,4674
C06R0219,6,Artwork vocabulary,white,white,27541,27546,4739,4739
C06R0220,6,Names,Bernard,Bernard,28068,28075,4829,4829
C06R0221,6,Number expressions,two,two,28096,28099,4833,4833
C06R0222,6,Names,Lenina,Lenina,28469,28475,4898,4898
C06R0223,6,Symbol vocabulary,Gamma,Gamma,28535,28540,4909,4909
C06R0224,6,Names,Bernard,Bernard,28637,28644,4922,4922
C06R0225,6,Names,Lenina,Lenina,28982,28988,4980,4980
C07R0001,7,Number expressions,one,one,147,150,26,26
C07R0002,7,Number expressions,one,one,451,454,84,84
C07R0003,7,Artwork vocabulary,pyramids,pyramids,510,518,94,94
C07R0004,7,Symbol vocabulary,cross,cross,593,598,109,109
C07R0005,7,Number expressions,three,three,616,621,114,114
C07R0006,7,Names,Lenina,Lenina,768,774,139,139
C07R0007,7,Names,Bernard,Bernard,1145,1152,204,204
C07R0008,7,Number expressions,three hundred,three hundred,1561,1574,279,280
C07R0009,7,Names,Lenina,Lenina,1643,1649,294,294
C07R0010,7,Number expressions,half,half,2174,2178,392,392
C07R0011,7,Artwork vocabulary,tower,Tower,2525,2530,461,461
C07R0012,7,Names,Lenina,Lenina,2537,2543,463,463
C07R0013,7,Artwork vocabulary,white,white,2753,2758,500,500
C07R0014,7,Names,Lenina,Lenina,2796,2802,506,506
C07R0015,7,Artwork vocabulary,black,black,2872,2877,518,518
C07R0016,7,Number expressions,two,two,2889,2892,521,521
C07R0017,7,Artwork vocabulary,black,black,2936,2941,529,529
C07R0018,7,Directions,heads,heads,3097,3102,554,554
C07R0019,7,Number expressions,one,One,3308,3311,589,589
C07R0020,7,Number expressions,three,three,3415,3420,609,609
C07R0021,7,Number expressions,four,four,3424,3428,611,611
C07R0022,7,Number expressions,one,One,3451,3454,616,616
C07R0023,7,Names,Lenina,Lenina,3499,3505,624,624
C07R0024,7,Names,Lenina,Lenina,3803,3809,680,680
C07R0025,7,Directions,left,left,3920,3924,702,702
C07R0026,7,Names,Bernard,Bernard,4242,4249,760,760
C07R0027,7,Number expressions,five,five,4345,4349,775,775
C07R0028,7,Number expressions,six thousand,six thousand,4353,4365,777,778
C07R0029,7,Names,Bernard,Bernard,4516,4523,804,804
C07R0030,7,Number expressions,second,second,4567,4573,814,814
C07R0031,7,Names,Ford,Ford,4657,4661,828,828
C07R0032,7,Number expressions,first,first,4824,4829,858,858
C07R0033,7,Artwork vocabulary,black,black,4968,4973,880,880
C07R0034,7,Artwork vocabulary,white,white,5128,5133,911,911
C07R0035,7,Names,Lenina,Lenina,5404,5410,959,959
C07R0036,7,Names,Bernard,Bernard,5482,5489,972,972
C07R0037,7,Number expressions,thirty,thirty,5923,5929,1046,1046
C07R0038,7,Number expressions,sixty,sixty,6185,6190,1088,1088
C07R0039,7,Names,Lenina,Lenina,6223,6229,1095,1095
C07R0040,7,Names,Lenina,Lenina,6627,6633,1164,1164
C07R0041,7,Directions,left,left,6792,6796,1193,1193
C07R0042,7,Names,Bernard,Bernard,6832,6839,1200,1200
C07R0043,7,Names,Lenina,Lenina,6867,6873,1205,1205
C07R0044,7,Directions,left,left,6878,6882,1207,1207
C07R0045,7,Number expressions,two,two,6985,6988,1227,1227
C07R0046,7,Names,Bernard,Bernard,7190,7197,1265,1265
C07R0047,7,Number expressions,one,one,7590,7593,1331,1331
C07R0048,7,Names,Lenina,Lenina,7707,7713,1352,1352
C07R0049,7,Names,Bernard,Bernard,7782,7789,1365,1365
C07R0050,7,Artwork vocabulary,black,black,8895,8900,1562,1562
C07R0051,7,Names,Lenina,Lenina,8969,8975,1575,1575
C07R0052,7,Number expressions,two,two,9067,9070,1594,1594
C07R0053,7,Symbol vocabulary,circular,circular,9071,9079,1595,1595
C07R0054,7,Names,Lenina,Lenina,9394,9400,1648,1648
C07R0055,7,Directions,left,left,9586,9590,1679,1679
C07R0056,7,Number expressions,one,one,9613,9616,1685,1685
C07R0057,7,Names,Ford,Ford,9723,9727,1703,1703
C07R0058,7,Names,Bernard,Bernard,10426,10433,1819,1819
C07R0059,7,Number expressions,first one,first one,11018,11027,1923,1924
C07R0060,7,Number expressions,one,one,11227,11230,1962,1962
C07R0061,7,Artwork vocabulary,black,black,11290,11295,1976,1976
C07R0062,7,Number expressions,first,first,11437,11442,2003,2003
C07R0063,7,Artwork vocabulary,black,black,11508,11513,2015,2015
C07R0064,7,Number expressions,one,one,11777,11780,2063,2063
C07R0065,7,Artwork vocabulary,black,black,12005,12010,2106,2106
C07R0066,7,Number expressions,two,two,12204,12207,2140,2140
C07R0067,7,Number expressions,one,one,12330,12333,2161,2161
C07R0068,7,Symbol vocabulary,cross,cross,12416,12421,2180,2180
C07R0069,7,Artwork vocabulary,white,white,12533,12538,2199,2199
C07R0070,7,Number expressions,eighteen,eighteen,12575,12583,2206,2206
C07R0071,7,Symbol vocabulary,cross,cross,12714,12719,2233,2233
C07R0072,7,Number expressions,first,first,12832,12837,2255,2255
C07R0073,7,Number expressions,half,half,12854,12858,2259,2259
C07R0074,7,Number expressions,second,second,12875,12881,2262,2262
C07R0075,7,Number expressions,first,first,13396,13401,2358,2358
C07R0076,7,Symbol vocabulary,twice,Twice,13472,13477,2374,2374
C07R0077,7,Number expressions,four,four,13487,13491,2376,2376
C07R0078,7,Number expressions,five,Five,13538,13542,2385,2385
C07R0079,7,Number expressions,six,six,13556,13559,2388,2388
C07R0080,7,Names,Lenina,Lenina,13582,13588,2392,2392
C07R0081,7,Number expressions,seven,Seven,13721,13726,2417,2417
C07R0082,7,Artwork vocabulary,white,white,13894,13899,2450,2450
C07R0083,7,Number expressions,three,Three,14345,14350,2534,2534
C07R0084,7,Number expressions,one,one,14373,14376,2540,2540
C07R0085,7,Symbol vocabulary,cross,cross,14477,14482,2561,2561
C07R0086,7,Names,Lenina,Lenina,14653,14659,2592,2592
C07R0087,7,Names,Bernard,Bernard,14720,14727,2603,2603
C07R0088,7,Names,Lenina,Lenina,14873,14879,2632,2632
C07R0089,7,Names,Bernard,Bernard,14952,14959,2647,2647
C07R0090,7,Artwork vocabulary,white,white,15129,15134,2681,2681
C07R0091,7,Names,Bernard,Bernard,15333,15340,2712,2712
C07R0092,7,Names,Lenina,Lenina,15613,15619,2762,2762
C07R0093,7,Number expressions,ten,ten,15799,15802,2799,2799
C07R0094,7,Number expressions,twelve,twelve,15809,15815,2800,2800
C07R0095,7,Number expressions,fifteen,fifteen,15817,15824,2801,2801
C07R0096,7,Number expressions,seven,seven,15856,15861,2808,2808
C07R0097,7,Symbol vocabulary,twice,twice,15883,15888,2813,2813
C07R0098,7,Names,Lenina,Lenina,16220,16226,2870,2870
C07R0099,7,Number expressions,first,first,16296,16301,2884,2884
C07R0100,7,Artwork vocabulary,rain,rain,16501,16505,2924,2924
C07R0101,7,Names,Pookong,Pookong,16544,16551,2933,2933
C07R0102,7,Names,Jesus,Jesus,16556,16561,2935,2935
C07R0103,7,Number expressions,first,first,16853,16858,2995,2995
C07R0104,7,Number expressions,one,one,17043,17046,3028,3028
C07R0105,7,Names,Lenina,Lenina,17071,17077,3032,3032
C07R0106,7,Names,Bernard,Bernard,17440,17447,3103,3103
C07R0107,7,Names,Bernard,Bernard,17532,17539,3118,3118
C07R0108,7,Names,Lenina,Lenina,17587,17593,3128,3128
C07R0109,7,Names,Linda,Linda,17681,17686,3145,3145
C07R0110,7,Names,Linda,Linda,17694,17699,3147,3147
C07R0111,7,Names,Lenina,Lenina,17730,17736,3154,3154
C07R0112,7,Names,Linda,Linda,17792,17797,3161,3161
C07R0113,7,Names,Bernard,Bernard,17890,17897,3181,3181
C07R0114,7,Directions,north,North,17984,17989,3198,3198
C07R0115,7,Names,Bernard,Bernard,18062,18069,3214,3214
C07R0116,7,Names,Linda,Linda,18188,18193,3237,3237
C07R0117,7,Names,Tomakin,Tomakin,18233,18240,3246,3246
C07R0118,7,Number expressions,first,first,18274,18279,3252,3252
C07R0119,7,Number expressions,two,Two,18591,18594,3310,3310
C07R0120,7,Names,Linda,Linda,18738,18743,3334,3334
C07R0121,7,Names,Lenina,Lenina,19068,19074,3390,3390
C07R0122,7,Number expressions,two,two,19101,19104,3395,3395
C07R0123,7,Names,Ford,Ford,19728,19732,3507,3507
C07R0124,7,Names,Ford,Ford,19734,19738,3508,3508
C07R0125,7,Names,Ford,Ford,19859,19863,3530,3530
C07R0126,7,Symbol vocabulary,Delta,Delta,19999,20004,3555,3555
C07R0127,7,Symbol vocabulary,Epsilon,Epsilon,20009,20016,3557,3557
C07R0128,7,Names,Bernard,Bernard,20051,20058,3564,3564
C07R0129,7,Symbol vocabulary,words,words,20241,20246,3596,3596
C07R0130,7,Names,Lenina,Lenina,20457,20463,3633,3633
C07R0131,7,Artwork vocabulary,black,black,20488,20493,3638,3638
C07R0132,7,Artwork vocabulary,white,white,20735,20740,3684,3684
C07R0133,7,Names,John,John,20895,20899,3712,3712
C07R0134,7,Symbol vocabulary,Beta,Beta,21290,21294,3795,3795
C07R0135,7,Names,Lenina,Lenina,21363,21369,3807,3807
C07R0136,7,Artwork vocabulary,numbers,numbers,21517,21524,3834,3834
C07R0137,7,Number expressions,one,One,21526,21529,3835,3835
C07R0138,7,Number expressions,two,two,21531,21534,3836,3836
C07R0139,7,Number expressions,three,three,21536,21541,3837,3837
C07R0140,7,Number expressions,four,four,21543,21547,3838,3838
C07R0141,7,Names,Lenina,Lenina,21718,21724,3871,3871
C07R0142,7,Weekdays,Tuesdays,Tuesdays,21760,21768,3877,3877
C07R0143,7,Weekdays,Fridays,Fridays,21773,21780,3879,3879
C07R0144,7,Names,Lenina,Lenina,21783,21789,3880,3880
C07R0145,7,Artwork vocabulary,tower,tower,21828,21833,3887,3887
C07R0146,7,Names,Linda,Linda,21841,21846,3889,3889
C07R0147,7,Artwork vocabulary,breath,breath,22170,22176,3944,3944
C07R0148,7,Symbol vocabulary,twice,twice,22233,22238,3955,3955
C07R0149,7,Names,Lenina,Lenina,22360,22366,3981,3981
C07R0150,7,Number expressions,first,first,22621,22626,4030,4030
C07R0151,7,Symbol vocabulary,Beta,Beta,23182,23186,4135,4135
C07R0152,7,Directions,right,right,23322,23327,4161,4161
C07R0153,7,Directions,right,right,23454,23459,4185,4185
C07R0154,7,Names,John,John,23595,23599,4207,4207
C07R0155,7,Names,Bernard,Bernard,23604,23611,4209,4209
C07R0156,7,Directions,left,left,23616,23620,4211,4211
C07R0157,7,Names,Lenina,Lenina,23771,23777,4238,4238
C07R0158,7,Number expressions,one,one,23941,23944,4266,4266
C07R0159,7,Number expressions,one,one,24019,24022,4279,4279
C07R0160,7,Names,Lenina,Lenina,24078,24084,4288,4288
C07R0161,7,Names,Lenina,Lenina,24095,24101,4290,4290
C07R0162,7,Artwork vocabulary,breath,breath,24139,24145,4298,4298
C07R0163,7,Number expressions,one,one,24195,24198,4308,4308
C07R0164,7,Number expressions,one,one,24297,24300,4324,4324
C07R0165,7,Names,Linda,Linda,24598,24603,4385,4385
C07R0166,7,Names,Ford,Ford,24920,24924,4441,4441
C07R0167,7,Names,Ford,Ford,24926,24930,4442,4442
C07R0168,7,Names,Ford,Ford,24932,24936,4443,4443
C07R0169,7,Names,John,John,24946,24950,4446,4446
C07R0170,7,Names,John,John,25368,25372,4526,4526
C07R0171,7,Number expressions,one,one,25719,25722,4596,4596
C07R0172,7,Symbol vocabulary,Beta,Beta,25884,25888,4629,4629
C08R0001,8,Number expressions,four,four,70,74,14,14
C08R0002,8,Names,Bernard,Bernard,86,93,17,17
C08R0003,8,Names,John,John,98,102,19,19
C08R0004,8,Names,Bernard,Bernard,165,172,32,32
C08R0005,8,Names,John,John,685,689,120,120
C08R0006,8,Names,Linda,Linda,792,797,141,141
C08R0007,8,Names,Linda,Linda,882,887,158,158
C08R0008,8,Names,Linda,Linda,1098,1103,196,196
C08R0009,8,Names,Linda,Linda,1109,1114,198,198
C08R0010,8,Number expressions,two,two,1224,1227,221,221
C08R0011,8,Artwork vocabulary,black,black,1228,1233,222,222
C08R0012,8,Names,Linda,Linda,1396,1401,254,254
C08R0013,8,Names,Linda,Linda,1410,1415,256,256
C08R0014,8,Symbol vocabulary,words,words,1470,1475,269,269
C08R0015,8,Names,John,John,1538,1542,283,283
C08R0016,8,Names,Linda,Linda,1587,1592,293,293
C08R0017,8,Symbol vocabulary,words,words,1609,1614,298,298
C08R0018,8,Names,Linda,Linda,1632,1637,303,303
C08R0019,8,Artwork vocabulary,black,black,1729,1734,322,322
C08R0020,8,Names,Linda,Linda,1776,1781,330,330
C08R0021,8,Number expressions,one,one,1878,1881,350,350
C08R0022,8,Names,Linda,Linda,1970,1975,370,370
C08R0023,8,Names,Linda,Linda,2098,2103,392,392
C08R0024,8,Names,Linda,Linda,2105,2110,393,393
C08R0025,8,Names,Linda,Linda,2442,2447,459,459
C08R0026,8,Names,Linda,Linda,2640,2645,491,491
C08R0027,8,Names,Linda,Linda,2652,2657,493,493
C08R0028,8,Names,Linda,Linda,2874,2879,534,534
C08R0029,8,Names,Linda,Linda,2890,2895,537,537
C08R0030,8,Names,Linda,Linda,3409,3414,638,638
C08R0031,8,Names,Linda,Linda,3456,3461,647,647
C08R0032,8,Names,Linda,Linda,3590,3595,674,674
C08R0033,8,Names,Linda,Linda,3733,3738,704,704
C08R0034,8,Names,Linda,Linda,3872,3877,733,733
C08R0035,8,Number expressions,one,One,3879,3882,734,734
C08R0036,8,Symbol vocabulary,words,words,4112,4117,775,775
C08R0037,8,Symbol vocabulary,words,words,4171,4176,785,785
C08R0038,8,Names,Linda,Linda,4348,4353,816,816
C08R0039,8,Number expressions,three,three,4423,4428,829,829
C08R0040,8,Names,Linda,Linda,4453,4458,834,834
C08R0041,8,Number expressions,one,One,4475,4478,839,839
C08R0042,8,Number expressions,third,third,4582,4587,859,859
C08R0043,8,Symbol vocabulary,twice,twice,4623,4628,867,867
C08R0044,8,Number expressions,three,three,4630,4635,868,868
C08R0045,8,Names,Linda,Linda,4657,4662,873,873
C08R0046,8,Names,Linda,Linda,4821,4826,902,902
C08R0047,8,Number expressions,three,three,5062,5067,950,950
C08R0048,8,Names,Linda,Linda,5196,5201,975,975
C08R0049,8,Names,Linda,Linda,5252,5257,986,986
C08R0050,8,Names,Linda,Linda,5509,5514,1034,1034
C08R0051,8,Number expressions,three,three,5592,5597,1050,1050
C08R0052,8,Names,Linda,Linda,5670,5675,1066,1066
C08R0053,8,Number expressions,one,one,5956,5959,1125,1125
C08R0054,8,Names,Linda,Linda,6085,6090,1148,1148
C08R0055,8,Names,Linda,Linda,6167,6172,1163,1163
C08R0056,8,Names,Linda,Linda,6370,6375,1199,1199
C08R0057,8,Names,Linda,Linda,6466,6471,1216,1216
C08R0058,8,Names,Linda,Linda,6819,6824,1287,1287
C08R0059,8,Names,Linda,Linda,6914,6919,1302,1302
C08R0060,8,Names,Linda,Linda,7190,7195,1355,1355
C08R0061,8,Number expressions,first,first,7460,7465,1408,1408
C08R0062,8,Number expressions,one,one,8116,8119,1533,1533
C08R0063,8,Number expressions,one,one,8149,8152,1540,1540
C08R0064,8,Number expressions,one,one,8172,8175,1544,1544
C08R0065,8,Number expressions,one,one,8660,8663,1632,1632
C08R0066,8,Symbol vocabulary,words,words,8728,8733,1647,1647
C08R0067,8,Directions,right,Right,8804,8809,1661,1661
C08R0068,8,Directions,left,Left,8819,8823,1664,1664
C08R0069,8,Names,Awonawilona,Awonawilona,8854,8865,1671,1671
C08R0070,8,Names,Jesus,Jesus,9052,9057,1709,1709
C08R0071,8,Names,Pookong,Pookong,9062,9069,1711,1711
C08R0072,8,Artwork vocabulary,black,Black,9144,9149,1725,1725
C08R0073,8,Symbol vocabulary,words,words,9284,9289,1752,1752
C08R0074,8,Names,Jesus,Jesus,9444,9449,1784,1784
C08R0075,8,Names,Linda,Linda,9464,9469,1788,1788
C08R0076,8,Names,Awonawilona,Awonawilona,9527,9538,1799,1799
C08R0077,8,Names,Linda,Linda,9564,9569,1806,1806
C08R0078,8,Symbol vocabulary,words,words,9638,9643,1820,1820
C08R0079,8,Names,Linda,Linda,9659,9664,1824,1824
C08R0080,8,Symbol vocabulary,names,names,9690,9695,1830,1830
C08R0081,8,Symbol vocabulary,names,names,9745,9750,1841,1841
C08R0082,8,Number expressions,one,One,9752,9755,1842,1842
C08R0083,8,Names,Linda,Linda,9928,9933,1876,1876
C08R0084,8,Symbol vocabulary,letters,letters,10072,10079,1903,1903
C08R0085,8,Symbol vocabulary,words,words,10191,10196,1929,1929
C08R0086,8,Names,Linda,Linda,10220,10225,1935,1935
C08R0087,8,Symbol vocabulary,Beta,Beta,10760,10764,2032,2032
C08R0088,8,Number expressions,quarter,quarter,10802,10809,2040,2040
C08R0089,8,Names,Linda,Linda,10976,10981,2073,2073
C08R0090,8,Names,Linda,Linda,11066,11071,2089,2089
C08R0091,8,Names,Linda,Linda,11471,11476,2169,2169
C08R0092,8,Symbol vocabulary,words,words,11588,11593,2193,2193
C08R0093,8,Names,Linda,Linda,11657,11662,2206,2206
C08R0094,8,Symbol vocabulary,Deltas,Deltas,11872,11878,2244,2244
C08R0095,8,Symbol vocabulary,Epsilons,Epsilons,11883,11891,2246,2246
C08R0096,8,Names,Linda,Linda,12006,12011,2267,2267
C08R0097,8,Names,Linda,Linda,12395,12400,2342,2342
C08R0098,8,Artwork vocabulary,seed,seed,12486,12490,2359,2359
C08R0099,8,Artwork vocabulary,seed,seed,12521,12525,2366,2366
C08R0100,8,Artwork vocabulary,seed,seed,12545,12549,2372,2372
C08R0101,8,Artwork vocabulary,seed,seed,12567,12571,2377,2377
C08R0102,8,Names,Awonawilona,Awonawilona,12583,12594,2380,2380
C08R0103,8,Number expressions,four,four,12655,12659,2394,2394
C08R0104,8,Artwork vocabulary,seeds,seeds,12683,12688,2400,2400
C08R0105,8,Number expressions,four,four,12710,12714,2406,2406
C08R0106,8,Artwork vocabulary,seeds,seeds,12740,12745,2411,2411
C08R0107,8,Number expressions,one,One,12763,12766,2416,2416
C08R0108,8,Names,John,John,12772,12776,2418,2418
C08R0109,8,Number expressions,twelfth,twelfth,12832,12839,2429,2429
C08R0110,8,Names,Shakespeare,Shakespeare,13158,13169,2492,2492
C08R0111,8,Names,Linda,Linda,13172,13177,2494,2494
C08R0112,8,Number expressions,one,one,13357,13360,2528,2528
C08R0113,8,Symbol vocabulary,twice,twice,13725,13730,2599,2599
C08R0114,8,Symbol vocabulary,words,words,13915,13920,2636,2636
C08R0115,8,Names,Mitsima,Mitsima,14132,14139,2673,2673
C08R0116,8,Names,Mitsima,Mitsima,14302,14309,2700,2700
C08R0117,8,Number expressions,half,half,14396,14400,2715,2715
C08R0118,8,Names,Linda,Linda,14451,14456,2721,2721
C08R0119,8,Names,Linda,Linda,14464,14469,2723,2723
C08R0120,8,Names,Linda,Linda,14545,14550,2738,2738
C08R0121,8,Names,Linda,Linda,14561,14566,2741,2741
C08R0122,8,Symbol vocabulary,words,words,14718,14723,2768,2768
C08R0123,8,Number expressions,half,half,14746,14750,2773,2773
C08R0124,8,Symbol vocabulary,words,words,14991,14996,2822,2822
C08R0125,8,Symbol vocabulary,words,words,15004,15009,2824,2824
C08R0126,8,Symbol vocabulary,words,words,15050,15055,2832,2832
C08R0127,8,Number expressions,one,One,15315,15318,2881,2881
C08R0128,8,Artwork vocabulary,white,white,15441,15446,2906,2906
C08R0129,8,Names,Linda,Linda,15447,15452,2907,2907
C08R0130,8,Artwork vocabulary,black,black,15469,15474,2911,2911
C08R0131,8,Number expressions,one,one,15492,15495,2915,2915
C08R0132,8,Number expressions,one,one,15563,15566,2929,2929
C08R0133,8,Artwork vocabulary,black,black,15630,15635,2943,2943
C08R0134,8,Names,Linda,Linda,15730,15735,2962,2962
C08R0135,8,Directions,left,left,15790,15794,2972,2972
C08R0136,8,Symbol vocabulary,words,words,16009,16014,3010,3010
C08R0137,8,Symbol vocabulary,words,words,16296,16301,3062,3062
C08R0138,8,Artwork vocabulary,black,black,16917,16922,3180,3180
C08R0139,8,Number expressions,two,two,16990,16993,3193,3193
C08R0140,8,Directions,left,left,17009,17013,3197,3197
C08R0141,8,Names,Linda,Linda,17049,17054,3204,3204
C08R0142,8,Symbol vocabulary,words,words,17486,17491,3287,3287
C08R0143,8,Number expressions,fifteen,fifteen,17577,17584,3305,3305
C08R0144,8,Names,Mitsima,Mitsima,17596,17603,3308,3308
C08R0145,8,Symbol vocabulary,words,words,17619,17624,3312,3312
C08R0146,8,Number expressions,first,First,17713,17718,3329,3329
C08R0147,8,Names,Mitsima,Mitsima,17733,17740,3333,3333
C08R0148,8,Artwork vocabulary,moon,moon,17812,17816,3348,3348
C08R0149,8,Artwork vocabulary,moon,moon,17890,17894,3364,3364
C08R0150,8,Artwork vocabulary,moon,moon,17988,17992,3380,3380
C08R0151,8,Names,Mitsima,Mitsima,18019,18026,3387,3387
C08R0152,8,Symbol vocabulary,circle,circle,18109,18115,3403,3403
C08R0153,8,Names,Mitsima,Mitsima,18221,18228,3424,3424
C08R0154,8,Names,Mitsima,Mitsima,18322,18329,3443,3443
C08R0155,8,Artwork vocabulary,white,white,18455,18460,3466,3466
C08R0156,8,Artwork vocabulary,black,black,18472,18477,3469,3469
C08R0157,8,Names,Mitsima,Mitsima,18530,18537,3480,3480
C08R0158,8,Number expressions,two,two,18581,18584,3489,3489
C08R0159,8,Number expressions,one,one,18622,18625,3498,3498
C08R0160,8,Names,Mitsima,Mitsima,18917,18924,3554,3554
C08R0161,8,Names,Mitsima,Mitsima,19073,19080,3581,3581
C08R0162,8,Number expressions,first,first,19255,19260,3615,3615
C08R0163,8,Directions,right,right,19266,19271,3617,3617
C08R0164,8,Artwork vocabulary,white,white,19700,19705,3691,3691
C08R0165,8,Symbol vocabulary,words,words,19753,19758,3702,3702
C08R0166,8,Artwork vocabulary,white,white,19788,19793,3709,3709
C08R0167,8,Names,Mitsima,Mitsima,20008,20015,3747,3747
C08R0168,8,Names,Linda,Linda,20066,20071,3757,3757
C08R0169,8,Names,John,John,20257,20261,3798,3798
C08R0170,8,Names,Mitsima,Mitsima,20371,20378,3820,3820
C08R0171,8,Symbol vocabulary,words,words,20381,20386,3821,3821
C08R0172,8,Number expressions,sixteen,sixteen,20571,20578,3853,3853
C08R0173,8,Artwork vocabulary,moon,moon,20592,20596,3857,3857
C08R0174,8,Artwork vocabulary,moon,moon,20849,20853,3908,3908
C08R0175,8,Number expressions,one,one,21049,21052,3944,3944
C08R0176,8,Artwork vocabulary,white,white,21261,21266,3986,3986
C08R0177,8,Number expressions,one,one,21313,21316,3995,3995
C08R0178,8,Number expressions,one,One,21441,21444,4020,4020
C08R0179,8,Artwork vocabulary,moon,moon,21855,21859,4100,4100
C08R0180,8,Artwork vocabulary,moon,moon,22120,22124,4151,4151
C08R0181,8,Artwork vocabulary,black,black,22165,22170,4160,4160
C08R0182,8,Artwork vocabulary,black,black,22200,22205,4167,4167
C08R0183,8,Number expressions,one,one,22243,22246,4176,4176
C08R0184,8,Number expressions,one,one,22253,22256,4178,4178
C08R0185,8,Directions,right,right,22288,22293,4186,4186
C08R0186,8,Symbol vocabulary,words,words,22598,22603,4241,4241
C08R0187,8,Names,Bernard,Bernard,22630,22637,4247,4247
C08R0188,8,Names,John,John,22738,22742,4266,4266
C08R0189,8,Names,Linda,Linda,22806,22811,4279,4279
C08R0190,8,Names,Bernard,Bernard,22859,22866,4288,4288
C08R0191,8,Number expressions,one,one,22996,22999,4309,4309
C08R0192,8,Number expressions,one,one,23085,23088,4325,4325
C08R0193,8,Number expressions,one,one,23102,23105,4327,4327
C08R0194,8,Number expressions,one,one,23147,23150,4335,4335
C08R0195,8,Number expressions,five,five,23486,23490,4398,4398
C08R0196,8,Number expressions,one,one,23514,23517,4404,4404
C08R0197,8,Names,Bernard,Bernard,23586,23593,4414,4414
C08R0198,8,Names,Jesus,Jesus,23893,23898,4475,4475
C08R0199,8,Symbol vocabulary,cross,Cross,23906,23911,4478,4478
C08R0200,8,Names,Jesus,Jesus,24085,24090,4513,4513
C08R0201,8,Number expressions,one,one,24120,24123,4520,4520
C08R0202,8,Names,Bernard,Bernard,24257,24264,4544,4544
C08R0203,8,Number expressions,second,second,24273,24279,4547,4547
C08R0204,8,Directions,right,right,24575,24580,4605,4605
C08R0205,8,Names,Bernard,Bernard,24589,24596,4607,4607
C08R0206,8,Number expressions,first,first,25001,25006,4678,4678
C08R0207,8,Names,Linda,Linda,25295,25300,4732,4732
C08R0208,8,Names,Bernard,Bernard,25430,25437,4753,4753
C08R0209,8,Number expressions,first,first,25542,25547,4772,4772
C08R0210,8,Artwork vocabulary,breath,breath,25622,25628,4786,4786
C08R0211,8,Names,Miranda,Miranda,25719,25726,4804,4804
C08R0212,8,Names,Miranda,Miranda,25741,25748,4807,4807
C08R0213,8,Names,Lenina,Lenina,26003,26009,4851,4851
C08R0214,8,Artwork vocabulary,brave new world,brave new world,26135,26150,4871,4873
C08R0215,8,Directions,left,left,26212,26216,4882,4882
C08R0216,8,Symbol vocabulary,words,words,26366,26371,4912,4912
C08R0217,8,Names,Ford,Ford,26395,26399,4917,4917
C08R0218,8,Names,Bernard,Bernard,26406,26413,4919,4919
C08R0219,8,Names,John,John,26438,26442,4923,4923
C08R0220,8,Artwork vocabulary,brave new world,brave new world,26505,26520,4934,4936
C08R0221,8,Artwork vocabulary,brave new world,brave new world,26539,26554,4940,4942
C08R0222,8,Names,Bernard,Bernard,26663,26670,4963,4963
C09R0001,9,Number expressions,six half,six half,178,186,32,33
C09R0002,9,Number expressions,ten,ten,244,247,45,45
C09R0003,9,Number expressions,eighteen,eighteen,301,309,55,55
C09R0004,9,Names,Bernard,Bernard,359,366,66,66
C09R0005,9,Number expressions,ten,ten,584,587,104,104
C09R0006,9,Names,Bernard,Bernard,657,664,114,114
C09R0007,9,Number expressions,five,five,783,787,135,135
C09R0008,9,Number expressions,seven,seven,805,810,139,139
C09R0009,9,Number expressions,ten thirty-four,ten thirty-four,1075,1090,190,191
C09R0010,9,Number expressions,ten thirty-seven,ten thirty-seven,1147,1163,204,205
C09R0011,9,Names,Bernard,Bernard,1164,1171,206,206
C09R0012,9,Number expressions,ten thirty-seven,ten thirty-seven,1238,1254,218,219
C09R0013,9,Number expressions,fourth,fourth,1289,1295,226,226
C09R0014,9,Number expressions,ten forty-four,ten forty-four,1319,1333,230,231
C09R0015,9,Number expressions,first,first,1368,1373,239,239
C09R0016,9,Number expressions,ten forty-seven and a half,ten forty-seven and a half,1392,1418,243,247
C09R0017,9,Names,Mustapha Mond,Mustapha Mond,1454,1467,255,256
C09R0018,9,Names,Bernard,Bernard,1535,1542,268,268
C09R0019,9,Number expressions,two,two,1712,1715,296,296
C09R0020,9,Names,Mustapha Mond,Mustapha Mond,1845,1858,319,320
C09R0021,9,Names,Marx,Marx,1992,1996,344,344
C09R0022,9,Names,Bernard,Bernard,2018,2025,348,348
C09R0023,9,Symbol vocabulary,Gamma,Gamma,2109,2114,365,365
C09R0024,9,Number expressions,ten fifty-four,ten fifty-four,2134,2148,368,369
C09R0025,9,Names,Bernard,Bernard,2149,2156,370,370
C09R0026,9,Names,Marx,Marx,2208,2212,379,379
C09R0027,9,Names,Bernard,Bernard,2308,2315,395,395
C09R0028,9,Number expressions,eleven three,eleven three,2672,2684,460,461
C09R0029,9,Number expressions,half,half,2981,2985,516,516
C09R0030,9,Number expressions,half,half,3044,3048,528,528
C09R0031,9,Number expressions,two,two,3054,3057,529,529
C09R0032,9,Names,Bernard,Bernard,3143,3150,544,544
C09R0033,9,Names,Bernard,Bernard,3165,3172,547,547
C09R0034,9,Number expressions,half,Half,3478,3482,608,608
C09R0035,9,Number expressions,first,first,3548,3553,622,622
C09R0036,9,Artwork vocabulary,breathing,breathing,3824,3833,676,676
C09R0037,9,Names,Lenina,Lenina,3834,3840,677,677
C09R0038,9,Names,Lenina,Lenina,4056,4062,715,715
C09R0039,9,Number expressions,first,first,4112,4117,724,724
C09R0040,9,Names,Lenina,Lenina,4765,4771,840,840
C09R0041,9,Names,Lenina,Lenina,4789,4795,843,843
C09R0042,9,Number expressions,one,one,5332,5335,942,942
C09R0043,9,Names,Lenina,Lenina,5358,5364,945,945
C09R0044,9,Names,Lenina,Lenina,5697,5703,1004,1004
C09R0045,9,Artwork vocabulary,white,white,6180,6185,1091,1091
C09R0046,9,Number expressions,one,one,6399,6402,1128,1128
C09R0047,9,Number expressions,one,one,6857,6860,1213,1213
C09R0048,9,Names,Bernard Marx,Bernard Marx,7453,7465,1322,1323
C10R0001,10,Number expressions,four thousand,four thousand,34,47,9,10
C10R0002,10,Number expressions,four thousand,four thousand,95,108,18,19
C10R0003,10,Number expressions,twenty-seven,twenty-seven,122,134,22,22
C10R0004,10,Number expressions,two,two,148,151,25,25
C10R0005,10,Number expressions,one,one,254,257,46,46
C10R0006,10,Directions,tails,tails,332,337,58,58
C10R0007,10,Number expressions,first,first,389,394,65,65
C10R0008,10,Number expressions,first,first,1031,1036,161,161
C10R0009,10,Number expressions,eleven,eleven,1148,1154,182,182
C10R0010,10,Number expressions,eighteen hundred,eighteen hundred,1201,1217,191,192
C10R0011,10,Number expressions,eighteen hundred,eighteen hundred,1226,1242,194,195
C10R0012,10,Number expressions,ten,ten,1364,1367,212,212
C10R0013,10,Number expressions,one,one,1503,1506,237,237
C10R0014,10,Artwork vocabulary,rain,rain,1741,1745,272,272
C10R0015,10,Number expressions,nine hundred,nine hundred,1747,1759,273,274
C10R0016,10,Names,Henry Foster,Henry Foster,2175,2187,339,340
C10R0017,10,Number expressions,half,half,2381,2385,376,376
C10R0018,10,Number expressions,two,two,2391,2394,377,377
C10R0019,10,Number expressions,one,one,2690,2693,425,425
C10R0020,10,Names,Mr. Foster,Mr. Foster,2781,2791,438,439
C10R0021,10,Number expressions,one,one,3055,3058,484,484
C10R0022,10,Names,Bernard,Bernard,3258,3265,519,519
C10R0023,10,Names,Marx,Marx,3630,3634,579,579
C10R0024,10,Names,Bernard,Bernard,3769,3776,603,603
C10R0025,10,Number expressions,one,one,4098,4101,650,650
C10R0026,10,Artwork vocabulary,stability,stability,4267,4276,676,676
C10R0027,10,Names,Bernard,Bernard,4377,4384,694,694
C10R0028,10,Symbol vocabulary,Alpha,Alpha,4429,4434,703,703
C10R0029,10,Names,Ford,Ford,4784,4788,764,764
C10R0030,10,Symbol vocabulary,sign of the T,sign of the T,4877,4890,781,784
C10R0031,10,Artwork vocabulary,order and stability,Order and Stability,4979,4998,800,802
C10R0032,10,Names,Bernard,Bernard,5535,5542,893,893
C10R0033,10,Names,Marx,Marx,5545,5549,894,894
C10R0034,10,Names,Bernard,Bernard,5660,5667,916,916
C10R0035,10,Number expressions,one,One,5817,5820,941,941
C10R0036,10,Names,Bernard,Bernard,5830,5837,943,943
C10R0037,10,Number expressions,one,one,6068,6071,988,988
C10R0038,10,Number expressions,two,two,6078,6081,990,990
C10R0039,10,Names,Linda,Linda,6248,6253,1013,1013
C10R0040,10,Names,Bernard,Bernard,6434,6441,1042,1042
C10R0041,10,Names,Linda,Linda,6551,6556,1062,1062
C10R0042,10,Names,Tomakin,Tomakin,6630,6637,1075,1075
C10R0043,10,Number expressions,thousand,thousand,6681,6689,1084,1084
C10R0044,10,Names,Tomakin,Tomakin,6764,6771,1096,1096
C10R0045,10,Names,Linda,Linda,6778,6783,1098,1098
C10R0046,10,Number expressions,one,one,6824,6827,1107,1107
C10R0047,10,Names,Tomakin,Tomakin,7038,7045,1140,1140
C10R0048,10,Names,Tomakin,Tomakin,7206,7213,1166,1166
C10R0049,10,Number expressions,one,one,7244,7247,1173,1173
C10R0050,10,Names,Tomakin,Tomakin,7330,7337,1187,1187
C10R0051,10,Names,Linda,Linda,7644,7649,1240,1240
C10R0052,10,Names,Linda,Linda,7655,7660,1242,1242
C10R0053,10,Names,Tomakin,Tomakin,8192,8199,1330,1330
C10R0054,10,Names,Tomakin,Tomakin,8303,8310,1353,1353
C10R0055,10,Names,John,John,8383,8387,1369,1369
C10R0056,10,Names,John,John,8403,8407,1372,1372
C10R0057,10,Number expressions,one,one,8722,8725,1431,1431
C10R0058,10,Names,Ford,Ford,9089,9093,1485,1485
C10R0059,10,Names,Ford,Ford,9098,9102,1487,1487
C10R0060,10,Number expressions,six,Six,9246,9249,1510,1510
C11R0001,11,Names,Linda,Linda,410,415,69,69
C11R0002,11,Names,Linda,Linda,484,489,83,83
C11R0003,11,Number expressions,one,one,498,501,86,86
C11R0004,11,Number expressions,one,one,652,655,115,115
C11R0005,11,Names,Linda,Linda,786,791,138,138
C11R0006,11,Names,Ford,Ford,906,910,157,157
C11R0007,11,Names,Linda,Linda,1041,1046,179,179
C11R0008,11,Names,Linda,Linda,1052,1057,181,181
C11R0009,11,Number expressions,first,first,1797,1802,315,315
C11R0010,11,Number expressions,twenty,twenty,1868,1874,329,329
C11R0011,11,Number expressions,two,two,1931,1934,342,342
C11R0012,11,Names,Bernard,Bernard,1960,1967,347,347
C11R0013,11,Number expressions,one,One,1970,1973,348,348
C11R0014,11,Artwork vocabulary,breathing,breathing,2028,2037,358,358
C11R0015,11,Number expressions,one,one,2166,2169,381,381
C11R0016,11,Names,Linda,Linda,2200,2205,387,387
C11R0017,11,Names,John,John,2245,2249,395,395
C11R0018,11,Number expressions,one,one,2333,2336,410,410
C11R0019,11,Names,John,John,2678,2682,471,471
C11R0020,11,Names,John,John,2955,2959,522,522
C11R0021,11,Directions,right,right,2993,2998,528,528
C11R0022,11,Names,John,John,3121,3125,552,552
C11R0023,11,Names,Linda,Linda,3149,3154,558,558
C11R0024,11,Number expressions,thirty-seventh,thirty-seventh,3223,3237,572,572
C11R0025,11,Names,Bernard,Bernard,3247,3254,575,575
C11R0026,11,Number expressions,million,million,3923,3930,685,685
C11R0027,11,Names,Bernard,Bernard,4215,4222,737,737
C11R0028,11,Names,John,John,4250,4254,744,744
C11R0029,11,Names,Bernard,Bernard,4310,4317,756,756
C11R0030,11,Names,John,John,4349,4353,761,761
C11R0031,11,Names,Bernard,Bernard,4369,4376,765,765
C11R0032,11,Number expressions,first,first,4404,4409,771,771
C11R0033,11,Names,Henry Foster,Henry Foster,4599,4611,804,805
C11R0034,11,Names,Benito Hoover,Benito Hoover,4648,4661,814,815
C11R0035,11,Number expressions,six,six,4684,4687,821,821
C11R0036,11,Number expressions,one,one,4809,4812,839,839
C11R0037,11,Names,Bernard,Bernard,4816,4823,841,841
C11R0038,11,Names,Bernard,Bernard,4861,4868,848,848
C11R0039,11,Names,Bernard,Bernard,4970,4977,868,868
C11R0040,11,Weekdays,Wednesday,Wednesday,5013,5022,876,876
C11R0041,11,Names,Fanny,Fanny,5025,5030,877,877
C11R0042,11,Names,Lenina,Lenina,5075,5081,884,884
C11R0043,11,Names,Bernard,Bernard,5133,5140,895,895
C11R0044,11,Names,Fanny,Fanny,5185,5190,903,903
C11R0045,11,Number expressions,three,three,5313,5318,923,923
C11R0046,11,Names,Bernard,Bernard,5519,5526,950,950
C11R0047,11,Number expressions,six,six,5571,5574,957,957
C11R0048,11,Names,Helmholtz Watson,Helmholtz Watson,5608,5624,964,965
C11R0049,11,Number expressions,one,One,5627,5630,966,966
C11R0050,11,Weekdays,Monday,Monday,5634,5640,968,968
C11R0051,11,Number expressions,two,two,5642,5645,969,969
C11R0052,11,Weekdays,Tuesday,Tuesday,5649,5656,971,971
C11R0053,11,Number expressions,two,two,5658,5661,972,972
C11R0054,11,Weekdays,Friday,Friday,5670,5676,975,975
C11R0055,11,Number expressions,one,one,5682,5685,977,977
C11R0056,11,Weekdays,Saturday,Saturday,5689,5697,979,979
C11R0057,11,Number expressions,dozen,dozen,5765,5770,994,994
C11R0058,11,Names,Helmholtz,Helmholtz,5805,5814,1002,1002
C11R0059,11,Names,Bernard,Bernard,5884,5891,1014,1014
C11R0060,11,Names,Helmholtz,Helmholtz,5933,5942,1021,1021
C11R0061,11,Names,Bernard,Bernard,6002,6009,1032,1032
C11R0062,11,Names,Helmholtz,Helmholtz,6078,6087,1047,1047
C11R0063,11,Names,Bernard,Bernard,6136,6143,1056,1056
C11R0064,11,Names,Bernard,Bernard,6794,6801,1171,1171
C11R0065,11,Directions,heads,heads,6906,6911,1189,1189
C11R0066,11,Number expressions,second,second,7133,7139,1232,1232
C11R0067,11,Number expressions,first,first,7192,7197,1241,1241
C11R0068,11,Names,Bernard,Bernard,7254,7261,1251,1251
C11R0069,11,Names,Bernard,Bernard,7380,7387,1270,1270
C11R0070,11,Names,Bernard,Bernard,7554,7561,1299,1299
C11R0071,11,Artwork vocabulary,tower,Tower,7737,7742,1331,1331
C11R0072,11,Names,Bernard,Bernard,7828,7835,1346,1346
C11R0073,11,Number expressions,eight,Eight,8052,8057,1384,1384
C11R0074,11,Number expressions,eight,eight,8111,8116,1394,1394
C11R0075,11,Number expressions,twelve hundred and fifty,Twelve hundred and fifty,8155,8179,1400,1403
C11R0076,11,Names,John,John,8280,8284,1420,1420
C11R0077,11,Number expressions,forty,forty,8370,8375,1437,1437
C11R0078,11,Names,Bernard,Bernard,8406,8413,1442,1442
C11R0079,11,Names,Mustapha Mond,Mustapha Mond,8431,8444,1447,1448
C11R0080,11,Names,Linda,Linda,8614,8619,1478,1478
C11R0081,11,Names,Mustapha Mond,Mustapha Mond,8633,8646,1481,1482
C11R0082,11,Names,Mustapha Mond,Mustapha Mond,9368,9381,1611,1612
C11R0083,11,Symbol vocabulary,circular,circular,9864,9872,1700,1700
C11R0084,11,Number expressions,eighty-three,eighty-three,10179,10191,1749,1749
C11R0085,11,Artwork vocabulary,black,black,10208,10213,1752,1752
C11R0086,11,Symbol vocabulary,Deltas,Deltas,10229,10235,1754,1754
C11R0087,11,Number expressions,fifty-six four,fifty-six four,10260,10274,1758,1759
C11R0088,11,Number expressions,fifty-six,fifty-six,10339,10348,1768,1768
C11R0089,11,Symbol vocabulary,Gammas,Gammas,10369,10375,1772,1772
C11R0090,11,Number expressions,one hundred and seven,One hundred and seven,10377,10398,1773,1776
C11R0091,11,Symbol vocabulary,Epsilon,Epsilon,10416,10423,1778,1778
C11R0092,11,Number expressions,thirty-three,Thirty-three,10464,10476,1785,1785
C11R0093,11,Symbol vocabulary,Delta,Delta,10477,10482,1786,1786
C11R0094,11,Number expressions,20,20,10549,10551,1796,1796
C11R0095,11,Number expressions,1,1,10567,10568,1799,1799
C11R0096,11,Number expressions,69,69,10575,10577,1801,1801
C11R0097,11,Number expressions,two,two,10680,10683,1818,1818
C11R0098,11,Symbol vocabulary,Gamma,Gamma,10692,10697,1821,1821
C11R0099,11,Number expressions,two,two,10715,10718,1824,1824
C11R0100,11,Number expressions,one,one,10741,10744,1828,1828
C11R0101,11,Number expressions,forty-seven,forty-seven,10821,10832,1841,1841
C11R0102,11,Directions,heads,heads,10840,10845,1843,1843
C11R0103,11,Number expressions,forty-seven,forty-seven,10865,10876,1847,1847
C11R0104,11,Number expressions,forty-seven,Forty-seven,10889,10900,1850,1850
C11R0105,11,Number expressions,forty-seven,forty-seven,10910,10921,1853,1853
C11R0106,11,Number expressions,forty-seven,forty-seven,10929,10940,1855,1855
C11R0107,11,Number expressions,forty-seven,forty-seven,10953,10964,1858,1858
C11R0108,11,Number expressions,eighteen,eighteen,11027,11035,1867,1867
C11R0109,11,Symbol vocabulary,Gamma,Gamma,11068,11073,1873,1873
C11R0110,11,Number expressions,thirty-four,thirty-four,11101,11112,1879,1879
C11R0111,11,Directions,left,left,11127,11131,1881,1881
C11R0112,11,Symbol vocabulary,Delta,Delta,11144,11149,1883,1883
C11R0113,11,Number expressions,sixty-three,sixty-three,11209,11220,1893,1893
C11R0114,11,Symbol vocabulary,Epsilon,Epsilon,11252,11259,1898,1898
C11R0115,11,Artwork vocabulary,brave new world,brave new world,11276,11291,1901,1903
C11R0116,11,Names,Miranda,Miranda,11359,11366,1916,1916
C11R0117,11,Symbol vocabulary,words,words,11369,11374,1917,1917
C11R0118,11,Artwork vocabulary,brave new world,brave new world,11379,11394,1919,1921
C11R0119,11,Directions,left,left,11489,11493,1939,1939
C11R0120,11,Names,Bernard,Bernard,11777,11784,1990,1990
C11R0121,11,Names,Linda,Linda,11857,11862,2004,2004
C11R0122,11,Number expressions,fifty-two,fifty-two,12374,12383,2095,2095
C11R0123,11,Artwork vocabulary,tower,Tower,12404,12409,2099,2099
C11R0124,11,Artwork vocabulary,white,white,12418,12423,2101,2101
C11R0125,11,Directions,left,left,12458,12462,2108,2108
C11R0126,11,Directions,right,right,12477,12482,2112,2112
C11R0127,11,Names,Ford,Ford,12656,12660,2139,2139
C11R0128,11,Number expressions,one,One,12981,12984,2193,2193
C11R0129,11,Number expressions,one,one,12990,12993,2195,2195
C11R0130,11,Names,Bernard,Bernard,13171,13178,2224,2224
C11R0131,11,Weekdays,Monday,Monday,13251,13257,2238,2238
C11R0132,11,Weekdays,Wednesday,Wednesday,13259,13268,2239,2239
C11R0133,11,Weekdays,Friday,Friday,13273,13279,2241,2241
C11R0134,11,Names,Bernard,Bernard,13369,13376,2256,2256
C11R0135,11,Number expressions,one,one,13507,13510,2279,2279
C11R0136,11,Number expressions,five,Five,13554,13558,2288,2288
C11R0137,11,Symbol vocabulary,Alpha,Alpha,13575,13580,2292,2292
C11R0138,11,Symbol vocabulary,double,Double,13581,13587,2293,2293
C11R0139,11,Directions,left,left,13603,13607,2296,2296
C11R0140,11,Names,John,John,13608,13612,2297,2297
C11R0141,11,Names,Bernard,Bernard,13683,13690,2308,2308
C11R0142,11,Names,Bernard,Bernard,13692,13699,2309,2309
C11R0143,11,Symbol vocabulary,Beta,Beta,13853,13857,2338,2338
C11R0144,11,Number expressions,one,One,13913,13916,2346,2346
C11R0145,11,Number expressions,two,two,13918,13921,2347,2347
C11R0146,11,Number expressions,three,three,13923,13928,2348,2348
C11R0147,11,Number expressions,four,four,13930,13934,2349,2349
C11R0148,11,Names,Bernard,Bernard,14123,14130,2380,2380
C11R0149,11,Number expressions,eight hundred,eight hundred,14151,14164,2385,2386
C11R0150,11,Symbol vocabulary,Beta,Beta,14219,14223,2395,2395
C11R0151,11,Names,John,John,14245,14249,2398,2398
C11R0152,11,Names,John,John,14614,14618,2457,2457
C11R0153,11,Names,Jesus,Jesus,14669,14674,2466,2466
C11R0154,11,Symbol vocabulary,cross,Cross,14682,14687,2469,2469
C11R0155,11,Names,Pookong,Pookong,14715,14722,2475,2475
C11R0156,11,Names,Bernard,Bernard,15221,15228,2553,2553
C11R0157,11,Number expressions,two,two,15468,15471,2597,2597
C11R0158,11,Number expressions,one,one,15724,15727,2640,2640
C11R0159,11,Number expressions,three,three,15778,15783,2649,2649
C11R0160,11,Number expressions,fourth,fourth,15823,15829,2657,2657
C11R0161,11,Names,Bernard,Bernard,15956,15963,2678,2678
C11R0162,11,Number expressions,one,one,16028,16031,2689,2689
C11R0163,11,Number expressions,one,one,16072,16075,2695,2695
C11R0164,11,Names,Shakespeare,Shakespeare,16232,16243,2722,2722
C11R0165,11,Number expressions,five,Five,16604,16608,2780,2780
C11R0166,11,Names,Bernard,Bernard,16765,16772,2805,2805
C11R0167,11,Number expressions,eighteen,eighteen,16911,16919,2826,2826
C11R0168,11,Number expressions,two,two,16945,16948,2831,2831
C11R0169,11,Number expressions,eight,Eight,17202,17207,2877,2877
C11R0170,11,Names,Bernard,Bernard,17414,17421,2914,2914
C11R0171,11,Number expressions,seven,seven,17576,17581,2940,2940
C11R0172,11,Number expressions,eight hundred,eight hundred,17585,17598,2942,2943
C11R0173,11,Symbol vocabulary,Gamma,Gamma,17599,17604,2944,2944
C11R0174,11,Symbol vocabulary,Delta,Delta,17606,17611,2945,2945
C11R0175,11,Symbol vocabulary,Epsilon,Epsilon,17616,17623,2947,2947
C11R0176,11,Number expressions,dozen,dozen,17660,17665,2956,2956
C11R0177,11,Names,Bernard,Bernard,17956,17963,3005,3005
C11R0178,11,Names,Bernard,Bernard,18007,18014,3013,3013
C11R0179,11,Names,Benito Hoover,Benito Hoover,18079,18092,3024,3025
C11R0180,11,Number expressions,four half,Four half,18146,18155,3034,3035
C11R0181,11,Number expressions,six,Six,18172,18175,3037,3037
C11R0182,11,Weekdays,Saturdays,Saturdays,18179,18188,3039,3039
C11R0183,11,Names,John,John,18199,18203,3042,3042
C11R0184,11,Names,Lenina,Lenina,18270,18276,3052,3052
C11R0185,11,Names,Fanny,Fanny,18358,18363,3066,3066
C11R0186,11,Names,Bernard,Bernard,18401,18408,3073,3073
C11R0187,11,Number expressions,half,half,18417,18421,3076,3076
C11R0188,11,Names,Fanny,Fanny,18653,18658,3119,3119
C11R0189,11,Names,Lenina,Lenina,18690,18696,3126,3126
C11R0190,11,Names,Fanny,Fanny,18748,18753,3136,3136
C11R0191,11,Names,Lenina,Lenina,18781,18787,3142,3142
C11R0192,11,Names,Bernard,Bernard,18827,18834,3150,3150
C11R0193,11,Number expressions,millions,millions,19270,19278,3218,3218
C11R0194,11,Number expressions,second,Second,19416,19422,3239,3239
C11R0195,11,Number expressions,one,one,19486,19489,3251,3251
C11R0196,11,Names,Ford,Ford,19508,19512,3255,3255
C11R0197,11,Names,Fanny,Fanny,19830,19835,3305,3305
C11R0198,11,Number expressions,first,first,19924,19929,3321,3321
C11R0199,11,Names,Fanny,Fanny,20247,20252,3384,3384
C11R0200,11,Names,Fanny,Fanny,20552,20557,3444,3444
C11R0201,11,Names,Lenina,Lenina,20592,20598,3452,3452
C11R0202,11,Names,Fanny,Fanny,20697,20702,3470,3470
C11R0203,11,Number expressions,thirty,Thirty,21742,21748,3646,3646
C11R0204,11,Number expressions,forty,forty,21752,21757,3648,3648
C11R0205,11,Number expressions,1770,1770,22106,22110,3707,3707
C11R0206,11,Artwork vocabulary,history,history,22222,22229,3728,3728
C11R0207,11,Names,Lenina,Lenina,22295,22301,3738,3738
C11R0208,11,Symbol vocabulary,letters,letters,22417,22424,3761,3761
C11R0209,11,Number expressions,three,THREE,22487,22492,3772,3772
C11R0210,11,Names,Lenina,Lenina,22703,22709,3801,3801
C11R0211,11,Symbol vocabulary,letters,letters,22806,22813,3820,3820
C11R0212,11,Number expressions,ten,ten,22854,22857,3826,3826
C11R0213,11,Number expressions,one,one,23078,23081,3860,3860
C11R0214,11,Symbol vocabulary,Beta,Beta,23159,23163,3872,3872
C11R0215,11,Number expressions,thirty-two,thirty-two,23458,23468,3920,3920
C11R0216,11,Number expressions,second,second,23477,23483,3923,3923
C11R0217,11,Number expressions,six thousand,six thousand,23644,23656,3949,3950
C11R0218,11,Number expressions,first,first,23810,23815,3976,3976
C11R0219,11,Directions,right,right,23965,23970,4002,4002
C11R0220,11,Symbol vocabulary,Beta,Beta,24257,24261,4051,4051
C11R0221,11,Symbol vocabulary,Beta,Beta,24426,24430,4076,4076
C11R0222,11,Number expressions,three,three,24498,24503,4089,4089
C11R0223,11,Artwork vocabulary,black,black,24555,24560,4098,4098
C11R0224,11,Number expressions,three,three,24638,24643,4111,4111
C11R0225,11,Symbol vocabulary,Alphas,Alphas,24659,24665,4114,4114
C11R0226,11,Symbol vocabulary,Beta,Beta,24805,24809,4138,4138
C11R0227,11,Number expressions,three,three,24850,24855,4146,4146
C11R0228,11,Names,Lenina,Lenina,25302,25308,4219,4219
C11R0229,11,Names,Lenina,Lenina,26120,26126,4361,4361
C11R0230,11,Names,John,John,26252,26256,4381,4381
C11R0231,11,Names,Lenina,Lenina,26298,26304,4387,4387
C11R0232,11,Names,Lenina,Lenina,26890,26896,4496,4496
C11R0233,11,Names,Bernard,Bernard,27328,27335,4576,4576
C11R0234,11,Names,Lenina,Lenina,27534,27540,4614,4614
C11R0235,11,Names,Lenina,Lenina,27864,27870,4667,4667
C11R0236,11,Names,John,John,27939,27943,4679,4679
C11R0237,11,Names,Lenina,Lenina,28153,28159,4723,4723
C11R0238,11,Number expressions,five,Five,28378,28382,4761,4761
C11R0239,11,Number expressions,three,Three,28614,28619,4802,4802
C11R0240,11,Artwork vocabulary,black,black,28645,28650,4808,4808
C11R0241,11,Names,Lenina,Lenina,28673,28679,4813,4813
C11R0242,11,Number expressions,twenty-seventh,twenty-seventh,28739,28753,4827,4827
C11R0243,11,Number expressions,one,One,28792,28795,4835,4835
C11R0244,11,Number expressions,one,one,28864,28867,4849,4849
C11R0245,11,Number expressions,two,two,28903,28906,4855,4855
C11R0246,11,Directions,left,left,29014,29018,4875,4875
C11R0247,11,Number expressions,three half,three half,29035,29045,4879,4880
C12R0001,12,Names,John,John,220,224,39,39
C12R0002,12,Number expressions,one,one,281,284,51,51
C12R0003,12,Number expressions,first,first,362,367,67,67
C12R0004,12,Names,John,John,430,434,80,80
C12R0005,12,Names,Bernard,Bernard,509,516,94,94
C12R0006,12,Names,Bernard,Bernard,648,655,116,116
C12R0007,12,Names,Bernard,Bernard,787,794,135,135
C12R0008,12,Names,Bernard,Bernard,1102,1109,189,189
C12R0009,12,Symbol vocabulary,Gamma,Gamma,1767,1772,300,300
C12R0010,12,Names,Lenina,Lenina,1901,1907,322,322
C12R0011,12,Names,Bernard,Bernard,2631,2638,461,461
C12R0012,12,Names,Lenina,Lenina,2705,2711,473,473
C12R0013,12,Names,John,John,3052,3056,525,525
C12R0014,12,Names,Fanny Crowne,Fanny Crowne,3312,3324,574,575
C12R0015,12,Number expressions,one,one,3372,3375,583,583
C12R0016,12,Number expressions,one,one,3393,3396,588,588
C12R0017,12,Names,Henry Foster,Henry Foster,3522,3534,616,617
C12R0018,12,Names,Bernard,Bernard,3743,3750,651,651
C12R0019,12,Number expressions,thousand,thousand,3794,3802,658,658
C12R0020,12,Number expressions,one,one,4175,4178,722,722
C12R0021,12,Names,Ford,Ford,4395,4399,757,757
C12R0022,12,Names,Bernard,Bernard,4615,4622,794,794
C12R0023,12,Names,Lenina,Lenina,4769,4775,820,820
C12R0024,12,Names,Bernard,Bernard,4933,4940,845,845
C12R0025,12,Names,Bernard,Bernard,5154,5161,882,882
C12R0026,12,Names,Bernard,Bernard,5347,5354,917,917
C12R0027,12,Names,Bernard,Bernard,5443,5450,932,932
C12R0028,12,Names,Bernard,Bernard,5824,5831,997,997
C12R0029,12,Symbol vocabulary,sign of the T,sign of the T,5974,5987,1023,1026
C12R0030,12,Names,Lenina,Lenina,6015,6021,1032,1032
C12R0031,12,Names,Lenina,Lenina,6169,6175,1057,1057
C12R0032,12,Names,Bernard,Bernard,6298,6305,1080,1080
C12R0033,12,Number expressions,four,four,6491,6495,1114,1114
C12R0034,12,Names,Lenina,Lenina,6577,6583,1131,1131
C12R0035,12,Names,Lenina,Lenina,6697,6703,1150,1150
C12R0036,12,Names,Lenina,Lenina,6764,6770,1159,1159
C12R0037,12,Artwork vocabulary,moon,moon,6817,6821,1170,1170
C12R0038,12,Names,Mustapha Mond,Mustapha Mond,6948,6961,1195,1196
C12R0039,12,Symbol vocabulary,words,words,7334,7339,1256,1256
C12R0040,12,Symbol vocabulary,words,words,8236,8241,1402,1402
C12R0041,12,Number expressions,second,second,8271,8277,1409,1409
C12R0042,12,Number expressions,first,first,8313,8318,1416,1416
C12R0043,12,Number expressions,one,one,8373,8376,1427,1427
C12R0044,12,Names,John,John,8465,8469,1442,1442
C12R0045,12,Names,Lenina,Lenina,8709,8715,1490,1490
C12R0046,12,Names,Lenina,Lenina,8830,8836,1506,1506
C12R0047,12,Names,Bernard,Bernard,8920,8927,1522,1522
C12R0048,12,Number expressions,thirty,thirty,9050,9056,1543,1543
C12R0049,12,Names,Bernard,Bernard,9218,9225,1571,1571
C12R0050,12,Names,Bernard,Bernard,9595,9602,1634,1634
C12R0051,12,Names,Bernard,Bernard,9714,9721,1652,1652
C12R0052,12,Number expressions,first,first,9781,9786,1664,1664
C12R0053,12,Names,Bernard,Bernard,10021,10028,1704,1704
C12R0054,12,Names,Bernard,Bernard,10549,10556,1800,1800
C12R0055,12,Names,Bernard,Bernard,10940,10947,1859,1859
C12R0056,12,Number expressions,one,One,11016,11019,1870,1870
C12R0057,12,Names,Bernard,Bernard,11186,11193,1901,1901
C12R0058,12,Names,Helmholtz,Helmholtz,11220,11229,1905,1905
C12R0059,12,Names,Helmholtz,Helmholtz,11374,11383,1931,1931
C12R0060,12,Names,Bernard,Bernard,11516,11523,1956,1956
C12R0061,12,Names,Helmholtz,Helmholtz,11707,11716,1986,1986
C12R0062,12,Names,Helmholtz,Helmholtz,11741,11750,1991,1991
C12R0063,12,Names,Helmholtz,Helmholtz,11797,11806,2001,2001
C12R0064,12,Number expressions,half,half,11812,11816,2004,2004
C12R0065,12,Names,Bernard,Bernard,11833,11840,2006,2006
C12R0066,12,Names,Helmholtz,Helmholtz,11983,11992,2033,2033
C12R0067,12,Number expressions,first,first,12023,12028,2039,2039
C12R0068,12,Names,Bernard,Bernard,12061,12068,2044,2044
C12R0069,12,Number expressions,one,one,12249,12252,2080,2080
C12R0070,12,Names,Helmholtz,Helmholtz,12278,12287,2086,2086
C12R0071,12,Number expressions,third,Third,12441,12446,2112,2112
C12R0072,12,Number expressions,twelve,Twelve,12462,12468,2115,2115
C12R0073,12,Number expressions,seventh,seventh,12492,12499,2120,2120
C12R0074,12,Number expressions,one,one,12693,12696,2155,2155
C12R0075,12,Names,Ford,Ford,12989,12993,2210,2210
C12R0076,12,Names,Bernard,Bernard,13159,13166,2241,2241
C12R0077,12,Names,Bernard,Bernard,13205,13212,2248,2248
C12R0078,12,Names,Helmholtz,Helmholtz,13277,13286,2261,2261
C12R0079,12,Names,Bernard,Bernard,14013,14020,2384,2384
C12R0080,12,Number expressions,quarter,quarter,14102,14109,2397,2397
C12R0081,12,Number expressions,million,million,14115,14122,2400,2400
C12R0082,12,Names,Helmholtz,Helmholtz,14242,14251,2422,2422
C12R0083,12,Names,Bernard,Bernard,14554,14561,2480,2480
C12R0084,12,Names,Helmholtz,Helmholtz,14589,14598,2484,2484
C12R0085,12,Number expressions,one,one,14622,14625,2490,2490
C12R0086,12,Names,Bernard,Bernard,14668,14675,2498,2498
C12R0087,12,Names,Helmholtz,Helmholtz,14787,14796,2522,2522
C12R0088,12,Number expressions,third,third,15219,15224,2590,2590
C12R0089,12,Names,Helmholtz,Helmholtz,15250,15259,2595,2595
C12R0090,12,Names,Helmholtz,Helmholtz,15577,15586,2656,2656
C12R0091,12,Symbol vocabulary,double,double,15970,15976,2720,2720
C12R0092,12,Number expressions,two,two,15990,15993,2723,2723
C12R0093,12,Number expressions,one,one,15998,16001,2725,2725
C12R0094,12,Symbol vocabulary,division,division,16045,16053,2733,2733
C12R0095,12,Names,Bernard,Bernard,16090,16097,2739,2739
C12R0096,12,Number expressions,two,two,16226,16229,2760,2760
C12R0097,12,Number expressions,one,one,16249,16252,2764,2764
C12R0098,12,Number expressions,two,two,16315,16318,2777,2777
C12R0099,12,Number expressions,three,three,16322,16327,2779,2779
C12R0100,12,Names,Helmholtz,Helmholtz,16420,16429,2795,2795
C12R0101,12,Names,Helmholtz,Helmholtz,16565,16574,2817,2817
C12R0102,12,Names,Helmholtz,Helmholtz,16735,16744,2846,2846
C12R0103,12,Names,Lenina,Lenina,16861,16867,2867,2867
C12R0104,12,Names,Helmholtz,Helmholtz,16918,16927,2876,2876
C12R0105,12,Number expressions,first,first,16969,16974,2885,2885
C12R0106,12,Number expressions,third,third,17480,17485,2968,2968
C12R0107,12,Names,Helmholtz,Helmholtz,17554,17563,2981,2981
C12R0108,12,Names,Helmholtz,Helmholtz,17935,17944,3052,3052
C12R0109,12,Number expressions,one,one,18078,18081,3073,3073
C12R0110,12,Number expressions,one,one,18156,18159,3088,3088
C12R0111,12,Number expressions,one,one,18833,18836,3204,3204
C12R0112,12,Names,Helmholtz,Helmholtz,18924,18933,3221,3221
C12R0113,12,Artwork vocabulary,breath,breath,18957,18963,3225,3225
C12R0114,12,Number expressions,one,one,19073,19076,3244,3244
C12R0115,12,Number expressions,one,one,19121,19124,3251,3251
C12R0116,12,Names,Helmholtz,Helmholtz,19636,19645,3340,3340
C12R0117,12,Number expressions,one,one,19823,19826,3373,3373
C13R0001,13,Names,Foster,FOSTER,24,30,5,5
C13R0002,13,Names,Lenina,Lenina,123,129,23,23
C13R0003,13,Number expressions,one,one,184,187,33,33
C13R0004,13,Number expressions,one,one,584,587,103,103
C13R0005,13,Names,Lenina,Lenina,644,650,113,113
C13R0006,13,Names,Ford,Ford,1025,1029,176,176
C13R0007,13,Names,Lenina,Lenina,1044,1050,179,179
C13R0008,13,Names,John,John,1336,1340,230,230
C13R0009,13,Names,John,John,1369,1373,235,235
C13R0010,13,Names,Ford,Ford,1386,1390,239,239
C13R0011,13,Number expressions,one,one,1426,1429,246,246
C13R0012,13,Number expressions,second,second,1573,1579,273,273
C13R0013,13,Number expressions,twenty-two,Twenty-two,1630,1640,284,284
C13R0014,13,Number expressions,eight,eight,1648,1653,286,286
C13R0015,13,Number expressions,four,four,1666,1670,289,289
C13R0016,13,Symbol vocabulary,Alpha,Alpha,1712,1717,297,297
C13R0017,13,Number expressions,first,first,1789,1794,306,306
C13R0018,13,Number expressions,half,half,1809,1813,310,310
C13R0019,13,Names,Lenina,Lenina,1834,1840,314,314
C13R0020,13,Names,Fanny,Fanny,1901,1906,327,327
C13R0021,13,Number expressions,one,one,2052,2055,352,352
C13R0022,13,Number expressions,one,one,2076,2079,357,357
C13R0023,13,Number expressions,millions,millions,2114,2122,364,364
C13R0024,13,Names,Fanny,Fanny,2252,2257,390,390
C13R0025,13,Number expressions,one,One,2300,2303,395,395
C13R0026,13,Number expressions,two,two,2305,2308,396,396
C13R0027,13,Number expressions,dozens,Dozens,2312,2318,397,397
C13R0028,13,Names,Fanny,Fanny,2410,2415,413,413
C13R0029,13,Names,Fanny,Fanny,2761,2766,474,474
C13R0030,13,Names,Fanny,Fanny,3006,3011,521,521
C13R0031,13,Symbol vocabulary,Beta,Beta,3112,3116,539,539
C13R0032,13,Names,Lenina,Lenina,3179,3185,550,550
C13R0033,13,Number expressions,half,half,3217,3221,557,557
C13R0034,13,Number expressions,first,first,3239,3244,562,562
C13R0035,13,Names,Helmholtz,Helmholtz,3382,3391,588,588
C13R0036,13,Names,Helmholtz,Helmholtz,3466,3475,604,604
C13R0037,13,Names,Lenina,Lenina,3482,3488,606,606
C13R0038,13,Names,Helmholtz,Helmholtz,3618,3627,632,632
C13R0039,13,Artwork vocabulary,white,white,3678,3683,643,643
C13R0040,13,Artwork vocabulary,white,white,3728,3733,651,651
C13R0041,13,Directions,left,left,3763,3767,657,657
C13R0042,13,Names,Lenina,Lenina,3779,3785,660,660
C13R0043,13,Number expressions,one,one,3825,3828,668,668
C13R0044,13,Number expressions,half,Half,3858,3862,675,675
C13R0045,13,Names,Lenina,Lenina,3896,3902,683,683
C13R0046,13,Names,John,John,3952,3956,691,691
C13R0047,13,Names,Lenina,Lenina,4064,4070,710,710
C13R0048,13,Names,John,John,4144,4148,726,726
C13R0049,13,Names,Lenina,Lenina,4276,4282,749,749
C13R0050,13,Names,Lenina,Lenina,4415,4421,773,773
C13R0051,13,Number expressions,first,first,4840,4845,844,844
C13R0052,13,Names,Lenina,Lenina,5045,5051,887,887
C13R0053,13,Directions,left,left,5063,5067,890,890
C13R0054,13,Number expressions,one,one,5143,5146,904,904
C13R0055,13,Number expressions,half,half,5345,5349,938,938
C13R0056,13,Number expressions,one,one,5382,5385,945,945
C13R0057,13,Number expressions,one,one,5574,5577,977,977
C13R0058,13,Names,Lenina,Lenina,5633,5639,988,988
C13R0059,13,Names,Lenina,Lenina,5843,5849,1022,1022
C13R0060,13,Names,Lenina,Lenina,6243,6249,1092,1092
C13R0061,13,Symbol vocabulary,Epsilon,Epsilon,6492,6499,1134,1134
C13R0062,13,Names,Lenina,Lenina,6801,6807,1196,1196
C13R0063,13,Names,Lenina,Lenina,6919,6925,1216,1216
C13R0064,13,Names,John,John,6953,6957,1222,1222
C13R0065,13,Names,Lenina,Lenina,7070,7076,1245,1245
C13R0066,13,Names,Lenina,Lenina,7295,7301,1284,1284
C13R0067,13,Names,Shakespeare,Shakespeare,7436,7447,1306,1306
C13R0068,13,Names,Ford,Ford,7562,7566,1327,1327
C13R0069,13,Names,John,John,7575,7579,1329,1329
C13R0070,13,Number expressions,first,First,7628,7633,1339,1339
C13R0071,13,Number expressions,three,Three,8580,8585,1515,1515
C13R0072,13,Names,Lenina,Lenina,8744,8750,1543,1543
C13R0073,13,Names,Lenina,Lenina,9205,9211,1620,1620
C13R0074,13,Artwork vocabulary,white,white,9399,9404,1655,1655
C13R0075,13,Names,Lenina,Lenina,9523,9529,1678,1678
C13R0076,13,Artwork vocabulary,white,white,9624,9629,1696,1696
C13R0077,13,Names,Lenina,Lenina,9723,9729,1712,1712
C13R0078,13,Symbol vocabulary,words,words,10047,10052,1762,1762
C13R0079,13,Number expressions,first,first,10383,10388,1818,1818
C13R0080,13,Directions,right,right,10396,10401,1821,1821
C13R0081,13,Directions,left,left,10417,10421,1825,1825
C13R0082,13,Artwork vocabulary,white,white,10565,10570,1849,1849
C13R0083,13,Number expressions,four,Four,10873,10877,1902,1902
C13R0084,13,Names,Lenina,Lenina,10953,10959,1916,1916
C13R0085,13,Symbol vocabulary,words,words,11144,11149,1950,1950
C13R0086,13,Names,John,John,11706,11710,2051,2051
C13R0087,13,Names,Lenina,Lenina,12488,12494,2181,2181
C13R0088,13,Names,John,John,12548,12552,2192,2192
C13R0089,13,Number expressions,one,One,12575,12578,2197,2197
C13R0090,13,Names,Lenina,Lenina,12857,12863,2246,2246
C13R0091,13,Directions,left,left,13038,13042,2277,2277
C13R0092,13,Symbol vocabulary,words,words,13305,13310,2324,2324
C13R0093,13,Names,John,John,13825,13829,2412,2412
C13R0094,13,Names,John,John,13888,13892,2421,2421
C13R0095,13,Artwork vocabulary,white,white,14122,14127,2467,2467
C13R0096,13,Names,John,John,14291,14295,2491,2491
C13R0097,13,Names,John,John,14770,14774,2573,2573
C13R0098,13,Names,John,John,14829,14833,2583,2583
C13R0099,13,Names,Lenina,Lenina,14923,14929,2600,2600
C13R0100,13,Directions,left,left,15110,15114,2635,2635
C13R0101,13,Number expressions,three,Three,15847,15852,2798,2798
C13R0102,13,Number expressions,three,Three,15875,15880,2803,2803
C13R0103,13,Names,Lenina,Lenina,15891,15897,2805,2805
C13R0104,13,Number expressions,quarter,quarter,16070,16077,2836,2836
C14R0001,14,Number expressions,sixty,sixty,61,66,13,13
C14R0002,14,Artwork vocabulary,tower,tower,73,78,14,14
C14R0003,14,Directions,westwards,westwards,245,254,43,43
C14R0004,14,Number expressions,81,81,395,397,68,68
C14R0005,14,Number expressions,twenty,twenty,548,554,93,93
C14R0006,14,Names,Linda,Linda,575,580,97,97
C14R0007,14,Directions,left,left,809,813,134,134
C14R0008,14,Number expressions,quarter,quarter,864,871,144,144
C14R0009,14,Number expressions,first,first,1100,1105,183,183
C14R0010,14,Number expressions,one,one,1932,1935,328,328
C14R0011,14,Number expressions,second,second,2287,2293,393,393
C14R0012,14,Names,Linda,Linda,2338,2343,401,401
C14R0013,14,Directions,south,South,2472,2477,428,428
C14R0014,14,Artwork vocabulary,figures,figures,2717,2724,466,466
C14R0015,14,Names,Linda,Linda,2824,2829,481,481
C14R0016,14,Number expressions,3,3,3638,3639,616,616
C14R0017,14,Names,Linda,Linda,3793,3798,643,643
C14R0018,14,Symbol vocabulary,words,words,4543,4548,771,771
C14R0019,14,Names,Linda,Linda,4553,4558,773,773
C14R0020,14,Symbol vocabulary,Beta,Beta,4701,4705,801,801
C14R0021,14,Number expressions,eight,eight,5293,5298,902,902
C14R0022,14,Number expressions,one,one,5455,5458,927,927
C14R0023,14,Names,Linda,Linda,5810,5815,984,984
C14R0024,14,Number expressions,forty-four,forty-four,6329,6339,1074,1074
C14R0025,14,Names,Linda,Linda,6341,6346,1075,1075
C14R0026,14,Names,John,John,6545,6549,1108,1108
C14R0027,14,Names,Linda,Linda,6595,6600,1117,1117
C14R0028,14,Number expressions,one,one,7921,7924,1350,1350
C14R0029,14,Names,Linda,Linda,8165,8170,1393,1393
C14R0030,14,Symbol vocabulary,words,words,8440,8445,1443,1443
C14R0031,14,Names,Linda,Linda,8727,8732,1490,1490
C14R0032,14,Symbol vocabulary,names,names,8852,8857,1512,1512
C14R0033,14,Names,Linda,Linda,9342,9347,1604,1604
C14R0034,14,Symbol vocabulary,twice,twice,9465,9470,1624,1624
C14R0035,14,Names,Linda,Linda,9680,9685,1664,1664
C14R0036,14,Names,Linda,Linda,10218,10223,1753,1753
C14R0037,14,Number expressions,second,second,10507,10513,1808,1808
C14R0038,14,Names,John,John,10629,10633,1829,1829
C14R0039,14,Names,John,John,10653,10657,1833,1833
C14R0040,14,Names,Linda,Linda,10740,10745,1849,1849
C14R0041,14,Names,John,John,10792,10796,1857,1857
C14R0042,14,Names,John,John,11089,11093,1901,1901
C14R0043,14,Number expressions,one,one,11403,11406,1956,1956
C14R0044,14,Artwork vocabulary,breathe,breathe,11620,11627,1996,1996
C14R0045,14,Artwork vocabulary,breathe,breathe,11819,11826,2033,2033
C14R0046,14,Names,Linda,Linda,11928,11933,2055,2055
C14R0047,14,Number expressions,first,first,12412,12417,2142,2142
C14R0048,14,Names,Linda,Linda,12828,12833,2212,2212
C14R0049,14,Number expressions,20,20,13323,13325,2299,2299
C14R0050,14,Number expressions,one,one,13615,13618,2349,2349
C14R0051,14,Number expressions,half a dozen,half a dozen,13936,13948,2405,2407
C14R0052,14,Symbol vocabulary,circle,circle,14015,14021,2420,2420
C14R0053,14,Number expressions,six,six,14124,14127,2440,2440
C14R0054,14,Number expressions,seven,seven,14131,14136,2442,2442
C14R0055,14,Number expressions,20,20,14340,14342,2476,2476
C14R0056,14,Number expressions,one,one,14495,14498,2505,2505
C14R0057,14,Number expressions,five,Five,14739,14743,2543,2543
C14R0058,14,Directions,right,right,14801,14806,2556,2556
C14R0059,14,Number expressions,one,One,14975,14978,2583,2583
C15R0001,15,Number expressions,one hundred and sixty-two,one hundred and sixty-two,87,112,17,20
C15R0002,15,Symbol vocabulary,Deltas,Deltas,113,119,21,21
C15R0003,15,Number expressions,two,two,133,136,24,24
C15R0004,15,Number expressions,eighty-four,eighty-four,158,169,28,28
C15R0005,15,Number expressions,seventy-eight,seventy-eight,192,205,33,33
C15R0006,15,Number expressions,six,six,256,259,40,40
C15R0007,15,Number expressions,two,two,298,301,48,48
C15R0008,15,Number expressions,two,two,765,768,128,128
C15R0009,15,Symbol vocabulary,mirrors,mirrors,844,851,141,141
C15R0010,15,Number expressions,two,two,853,856,142,142
C15R0011,15,Number expressions,one,one,864,867,144,144
C15R0012,15,Artwork vocabulary,moon,moon,892,896,149,149
C15R0013,15,Number expressions,two,two,964,967,161,161
C15R0014,15,Symbol vocabulary,words,words,1015,1020,169,169
C15R0015,15,Names,Linda,Linda,1408,1413,234,234
C15R0016,15,Symbol vocabulary,words,words,1722,1727,288,288
C15R0017,15,Artwork vocabulary,brave new world,brave new world,1780,1795,297,299
C15R0018,15,Symbol vocabulary,Alpha,Alpha,1991,1996,336,336
C15R0019,15,Artwork vocabulary,black,black,2025,2030,342,342
C15R0020,15,Artwork vocabulary,black,black,2178,2183,368,368
C15R0021,15,Number expressions,hundred and sixty-two,hundred and sixty-two,2318,2339,394,396
C15R0022,15,Number expressions,one,One,2503,2506,422,422
C15R0023,15,Number expressions,one,One,2535,2538,429,429
C15R0024,15,Number expressions,first two,First two,2594,2603,440,441
C15R0025,15,Number expressions,three,three,2650,2655,450,450
C15R0026,15,Artwork vocabulary,brave new world,brave new world,2704,2719,460,462
C15R0027,15,Artwork vocabulary,brave new world,brave new world,2723,2738,464,466
C15R0028,15,Symbol vocabulary,words,words,2766,2771,473,473
C15R0029,15,Artwork vocabulary,brave new world,brave new world,3057,3072,522,524
C15R0030,15,Names,Miranda,Miranda,3075,3082,525,525
C15R0031,15,Artwork vocabulary,brave new world,brave new world,3215,3230,545,547
C15R0032,15,Symbol vocabulary,Deltas,Deltas,3435,3441,584,584
C15R0033,15,Number expressions,one,one,3460,3463,587,587
C15R0034,15,Names,Linda,Linda,3638,3643,615,615
C15R0035,15,Names,Linda,Linda,3662,3667,620,620
C15R0036,15,Artwork vocabulary,freedom,freedom,3700,3707,627,627
C15R0037,15,Symbol vocabulary,Deltas,Deltas,4070,4076,693,693
C15R0038,15,Names,Ford,Ford,4111,4115,699,699
C15R0039,15,Artwork vocabulary,breath,breath,4156,4162,706,706
C15R0040,15,Number expressions,one,one,4683,4686,798,798
C15R0041,15,Symbol vocabulary,words,words,4874,4879,832,832
C15R0042,15,Symbol vocabulary,Delta,Delta,4976,4981,849,849
C15R0043,15,Artwork vocabulary,freedom,freedom,5060,5067,864,864
C15R0044,15,Names,Bernard,Bernard,5278,5285,904,904
C15R0045,15,Names,Helmholtz,Helmholtz,5410,5419,930,930
C15R0046,15,Number expressions,one,one,5528,5531,950,950
C15R0047,15,Names,Helmholtz,Helmholtz,5674,5683,978,978
C15R0048,15,Number expressions,four,four,5686,5690,979,979
C15R0049,15,Number expressions,five,five,5778,5782,994,994
C15R0050,15,Names,Helmholtz,Helmholtz,5803,5812,998,998
C15R0051,15,Names,Ford,Ford,5995,5999,1030,1030
C15R0052,15,Names,Bernard,Bernard,6058,6065,1042,1042
C15R0053,15,Names,Helmholtz,Helmholtz,6123,6132,1054,1054
C15R0054,15,Artwork vocabulary,freedom,freedom,7012,7019,1204,1204
C15R0055,15,Symbol vocabulary,words,words,7058,7063,1212,1212
C15R0056,15,Names,Bernard,Bernard,7560,7567,1304,1304
C15R0057,15,Names,Ford,Ford,7733,7737,1334,1334
C15R0058,15,Names,Bernard,Bernard,7754,7761,1338,1338
C15R0059,15,Names,Ford,Ford,7786,7790,1343,1343
C15R0060,15,Names,Helmholtz Watson,Helmholtz Watson,7875,7891,1358,1359
C15R0061,15,Number expressions,one,one,7969,7972,1373,1373
C15R0062,15,Names,Helmholtz,Helmholtz,8132,8141,1400,1400
C15R0063,15,Names,Helmholtz,Helmholtz,8164,8173,1405,1405
C15R0064,15,Directions,left,left,8337,8341,1432,1432
C15R0065,15,Artwork vocabulary,black,black,8389,8394,1442,1442
C15R0066,15,Symbol vocabulary,Deltas,Deltas,8434,8440,1448,1448
C15R0067,15,Names,Bernard,Bernard,8536,8543,1465,1465
C15R0068,15,Names,Ford,Ford,8868,8872,1523,1523
C15R0069,15,Artwork vocabulary,police,police,8948,8954,1535,1535
C15R0070,15,Names,Bernard,Bernard,8956,8963,1536,1536
C15R0071,15,Number expressions,three,Three,9237,9242,1588,1588
C15R0072,15,Number expressions,two,Two,9346,9349,1606,1606
C15R0073,15,Number expressions,four,four,9464,9468,1624,1624
C15R0074,15,Names,Bernard,Bernard,9623,9630,1650,1650
C15R0075,15,Number expressions,one,one,9710,9713,1665,1665
C15R0076,15,Names,Bernard,Bernard,9775,9782,1678,1678
C15R0077,15,Number expressions,second,second,9795,9801,1682,1682
C15R0078,15,Number expressions,two,two,9805,9808,1684,1684
C15R0079,15,Number expressions,two,Two,10208,10211,1754,1754
C15R0080,15,Number expressions,two,Two,10807,10810,1858,1858
C15R0081,15,Symbol vocabulary,Deltas,Deltas,10896,10902,1874,1874
C15R0082,15,Number expressions,one,one,10928,10931,1879,1879
C15R0083,15,Number expressions,half a dozen,half a dozen,10940,10952,1880,1882
C15R0084,15,Names,Helmholtz,Helmholtz,11002,11011,1892,1892
C15R0085,15,Names,Ford,Ford,11330,11334,1942,1942
C15R0086,15,Names,Ford,Ford,11384,11388,1950,1950
C15R0087,15,Symbol vocabulary,Deltas,Deltas,11452,11458,1963,1963
C15R0088,15,Directions,left,left,11759,11763,2012,2012
C15R0089,15,Names,Helmholtz,Helmholtz,11822,11831,2022,2022
C15R0090,15,Names,Bernard,Bernard,11904,11911,2035,2035
C15R0091,15,Names,Bernard,Bernard,12128,12135,2073,2073
C15R0092,15,Names,Bernard,Bernard,12385,12392,2117,2117
C15R0093,15,Artwork vocabulary,police,police,12557,12563,2148,2148
C16R0001,16,Number expressions,three,three,41,46,9,9
C16R0002,16,Symbol vocabulary,Gamma,Gamma,133,138,25,25
C16R0003,16,Directions,left,left,146,150,27,27
C16R0004,16,Names,Helmholtz,Helmholtz,171,180,31,31
C16R0005,16,Names,Bernard,Bernard,347,354,59,59
C16R0006,16,Names,Bernard,Bernard,422,429,71,71
C16R0007,16,Names,Helmholtz,Helmholtz,495,504,82,82
C16R0008,16,Artwork vocabulary,black,black,949,954,156,156
C16R0009,16,Names,Ford,FORD,1065,1069,177,177
C16R0010,16,Names,Mustapha Mond,Mustapha Mond,1410,1423,236,237
C16R0011,16,Number expressions,three,three,1445,1450,242,242
C16R0012,16,Names,Bernard,Bernard,1821,1828,304,304
C16R0013,16,Names,John,John,2048,2052,342,342
C16R0014,16,Names,Mustapha Mond,Mustapha Mond,2077,2090,348,349
C16R0015,16,Number expressions,thousand,thousand,2257,2265,381,381
C16R0016,16,Number expressions,one,one,2495,2498,421,421
C16R0017,16,Names,Marx,Marx,2613,2617,445,445
C16R0018,16,Names,Bernard,Bernard,2641,2648,450,450
C16R0019,16,Names,Bernard,Bernard,2683,2690,457,457
C16R0020,16,Names,Shakespeare,Shakespeare,2823,2834,483,483
C16R0021,16,Names,Helmholtz,Helmholtz,3676,3685,618,618
C16R0022,16,Names,Helmholtz,Helmholtz,3879,3888,653,653
C16R0023,16,Names,Helmholtz,Helmholtz,4152,4161,700,700
C16R0024,16,Names,Bernard,Bernard,4279,4286,718,718
C16R0025,16,Artwork vocabulary,liberty,liberty,5036,5043,846,846
C16R0026,16,Artwork vocabulary,liberty,Liberty,5057,5064,849,849
C16R0027,16,Symbol vocabulary,Deltas,Deltas,5091,5097,854,854
C16R0028,16,Artwork vocabulary,liberty,liberty,5111,5118,858,858
C16R0029,16,Artwork vocabulary,stability,stability,5399,5408,907,907
C16R0030,16,Names,Watson,Watson,5798,5804,974,974
C16R0031,16,Number expressions,one,One,5806,5809,975,975
C16R0032,16,Directions,right,right,5869,5874,985,985
C16R0033,16,Names,Helmholtz,Helmholtz,5882,5891,987,987
C16R0034,16,Artwork vocabulary,stability,stability,6344,6353,1059,1059
C16R0035,16,Names,Linda,Linda,6973,6978,1165,1165
C16R0036,16,Directions,left,left,7068,7072,1181,1181
C16R0037,16,Names,Mustapha Mond,Mustapha Mond,7456,7469,1242,1243
C16R0038,16,Symbol vocabulary,Alpha,Alpha,7675,7680,1280,1280
C16R0039,16,Symbol vocabulary,double,Double,7681,7687,1281,1281
C16R0040,16,Names,Mustapha Mond,Mustapha Mond,7717,7730,1287,1288
C16R0041,16,Artwork vocabulary,stability,stability,7833,7842,1307,1307
C16R0042,16,Symbol vocabulary,Alphas,Alphas,7857,7863,1311,1311
C16R0043,16,Symbol vocabulary,Alphas,Alphas,7937,7943,1324,1324
C16R0044,16,Symbol vocabulary,Alpha,Alpha,8225,8230,1370,1370
C16R0045,16,Symbol vocabulary,Alpha,Alpha,8241,8246,1371,1371
C16R0046,16,Symbol vocabulary,Epsilon,Epsilon,8292,8299,1381,1381
C16R0047,16,Symbol vocabulary,Alphas,Alphas,8353,8359,1390,1390
C16R0048,16,Symbol vocabulary,Alpha,Alpha,8433,8438,1403,1403
C16R0049,16,Symbol vocabulary,Epsilon,Epsilon,8453,8460,1407,1407
C16R0050,16,Symbol vocabulary,Epsilon,Epsilon,8485,8492,1413,1413
C16R0051,16,Number expressions,one,one,8818,8821,1465,1465
C16R0052,16,Symbol vocabulary,Alphas,Alphas,8939,8945,1486,1486
C16R0053,16,Names,Mustapha Mond,Mustapha Mond,9299,9312,1539,1540
C16R0054,16,Number expressions,473,473,9402,9405,1558,1558
C16R0055,16,Number expressions,twenty-two thousand,twenty-two thousand,9540,9559,1580,1581
C16R0056,16,Symbol vocabulary,Alphas,Alphas,9560,9566,1582,1582
C16R0057,16,Directions,left,left,9648,9652,1596,1596
C16R0058,16,Number expressions,six,six,10077,10080,1664,1664
C16R0059,16,Number expressions,first,first,10106,10111,1670,1670
C16R0060,16,Number expressions,nineteen,nineteen,10134,10142,1674,1674
C16R0061,16,Number expressions,twenty-two thousand,twenty-two thousand,10154,10173,1678,1679
C16R0062,16,Symbol vocabulary,Alphas,Alphas,10350,10356,1710,1710
C16R0063,16,Names,Mustapha Mond,Mustapha Mond,10450,10463,1725,1726
C16R0064,16,Number expressions,eight,eight,10493,10498,1731,1731
C16R0065,16,Number expressions,one-ninth,one-ninth,10528,10537,1736,1736
C16R0066,16,Number expressions,seven and a half,Seven and a half,10836,10852,1789,1792
C16R0067,16,Number expressions,three,three,11182,11187,1848,1848
C16R0068,16,Number expressions,four,four,11191,11195,1850,1850
C16R0069,16,Number expressions,half,half,11318,11322,1875,1875
C16R0070,16,Number expressions,four,four,11367,11371,1886,1886
C16R0071,16,Number expressions,three and a half,three and a half,11480,11496,1907,1910
C16R0072,16,Names,Mustapha Mond,Mustapha Mond,11717,11730,1947,1948
C16R0073,16,Number expressions,third,third,12019,12024,2002,2002
C16R0074,16,Artwork vocabulary,stability,stability,12172,12181,2032,2032
C16R0075,16,Artwork vocabulary,stability,stability,12248,12257,2047,2047
C16R0076,16,Names,Shakespeare,Shakespeare,12562,12573,2097,2097
C16R0077,16,Names,Linda,Linda,12642,12647,2111,2111
C16R0078,16,Names,Mustapha Mond,Mustapha Mond,12933,12946,2159,2160
C16R0079,16,Artwork vocabulary,stability,stability,12995,13004,2170,2170
C16R0080,16,Names,Helmholtz,Helmholtz,13170,13179,2197,2197
C16R0081,16,Number expressions,three,Three,13282,13287,2212,2212
C16R0082,16,Number expressions,thirteen and seventeen,thirteen and seventeen,13309,13331,2217,2219
C16R0083,16,Names,Bernard,Bernard,13341,13348,2222,2222
C16R0084,16,Names,Mustapha Mond,Mustapha Mond,13445,13458,2241,2242
C16R0085,16,Names,Helmholtz Watson,Helmholtz Watson,14036,14052,2345,2346
C16R0086,16,Symbol vocabulary,words,words,14183,14188,2372,2372
C16R0087,16,Names,Bernard,Bernard,14200,14207,2374,2374
C16R0088,16,Names,Helmholtz,Helmholtz,14473,14482,2423,2423
C16R0089,16,Names,Mustapha Mond,Mustapha Mond,14840,14853,2490,2491
C16R0090,16,Names,Bernard,Bernard,14884,14891,2499,2499
C16R0091,16,Symbol vocabulary,words,words,14935,14940,2507,2507
C16R0092,16,Number expressions,fourth,fourth,15013,15019,2521,2521
C16R0093,16,Number expressions,three,three,15038,15043,2524,2524
C16R0094,16,Names,Marx,Marx,15076,15080,2531,2531
C16R0095,16,Number expressions,fourth,fourth,15175,15181,2551,2551
C16R0096,16,Number expressions,three,three,15219,15224,2558,2558
C16R0097,16,Names,Bernard,Bernard,15283,15290,2566,2566
C16R0098,16,Number expressions,one,One,15309,15312,2570,2570
C16R0099,16,Number expressions,one,one,15690,15693,2642,2642
C16R0100,16,Number expressions,one,one,15883,15886,2671,2671
C16R0101,16,Number expressions,one,one,15909,15912,2677,2677
C16R0102,16,Names,Watson,Watson,15937,15943,2683,2683
C16R0103,16,Names,Helmholtz,Helmholtz,15946,15955,2684,2684
C16R0104,16,Number expressions,one,one,16498,16501,2777,2777
C16R0105,16,Number expressions,one,One,16647,16650,2800,2800
C16R0106,16,Number expressions,one,one,16665,16668,2803,2803
C16R0107,16,Artwork vocabulary,history,history,16860,16867,2836,2836
C16R0108,16,Names,Ford,Ford,17389,17393,2928,2928
C16R0109,16,Names,Ford,Ford,17696,17700,2978,2978
C16R0110,16,Directions,right,Right,18214,18219,3059,3059
C16R0111,16,Number expressions,nine,Nine,18242,18246,3066,3066
C16R0112,16,Directions,right,right,18296,18301,3076,3076
C16R0113,16,Number expressions,first,first,18425,18430,3099,3099
C16R0114,16,Number expressions,nine,Nine,18464,18468,3105,3105
C16R0115,16,Number expressions,one,One,18696,18699,3145,3145
C16R0116,16,Names,Watson,Watson,18794,18800,3163,3163
C16R0117,16,Names,Watson,Watson,19286,19292,3253,3253
C16R0118,16,Names,Helmholtz,Helmholtz,19402,19411,3271,3271
C16R0119,16,Number expressions,one,one,19509,19512,3288,3288
C16R0120,16,Names,Watson,Watson,19676,19682,3319,3319
C16R0121,16,Names,Helmholtz,Helmholtz,19830,19839,3347,3347
C16R0122,16,Names,Bernard,Bernard,19904,19911,3361,3361
C17R0001,17,Number expressions,nine,Nine,254,258,41,41
C17R0002,17,Artwork vocabulary,moon,moon,462,466,78,78
C17R0003,17,Symbol vocabulary,words,words,584,589,99,99
C17R0004,17,Names,Shakespeare,Shakespeare,603,614,103,103
C17R0005,17,Artwork vocabulary,black,black,916,921,158,158
C17R0006,17,Names,Mustapha Mond,Mustapha Mond,1295,1308,223,224
C17R0007,17,Names,Ford,Ford,1406,1410,241,241
C17R0008,17,Names,Mustapha Mond,Mustapha Mond,1941,1954,334,335
C17R0009,17,Names,Shakespeare,Shakespeare,2196,2207,375,375
C17R0010,17,Number expressions,one,one,2373,2376,408,408
C17R0011,17,Number expressions,one,one,2591,2594,451,451
C17R0012,17,Number expressions,one,one,3227,3230,575,575
C17R0013,17,Names,Mustapha Mond,Mustapha Mond,3596,3609,643,644
C17R0014,17,Number expressions,first,first,3631,3636,649,649
C17R0015,17,Names,Mustapha Mond,Mustapha Mond,5396,5409,960,961
C17R0016,17,Number expressions,one,One,5455,5458,971,971
C17R0017,17,Directions,right,right,5763,5768,1024,1024
C17R0018,17,Number expressions,one,one,6442,6445,1142,1142
C17R0019,17,Names,Mustapha Mond,Mustapha Mond,6462,6475,1146,1147
C17R0020,17,Number expressions,one,one,7240,7243,1278,1278
C17R0021,17,Number expressions,one,one,7428,7431,1308,1308
C17R0022,17,Number expressions,one,one,7460,7463,1314,1314
C17R0023,17,Number expressions,one,One,7495,7498,1319,1319
C17R0024,17,Number expressions,one,one,7523,7526,1323,1323
C17R0025,17,Number expressions,one,one,7594,7597,1335,1335
C17R0026,17,Names,Mustapha Mond,Mustapha Mond,7889,7902,1383,1384
C17R0027,17,Directions,right,right,8555,8560,1498,1498
C17R0028,17,Symbol vocabulary,circle,circle,8597,8603,1506,1506
C17R0029,17,Symbol vocabulary,circle,circle,8929,8935,1565,1565
C17R0030,17,Number expressions,one,one,9774,9777,1712,1712
C17R0031,17,Names,Mustapha Mond,Mustapha Mond,10065,10078,1758,1759
C17R0032,17,Names,Mustapha Mond,Mustapha Mond,10364,10377,1808,1809
C17R0033,17,Names,Ford,Ford,10519,10523,1833,1833
C17R0034,17,Symbol vocabulary,words,words,11012,11017,1916,1916
C17R0035,17,Names,Mustapha Mond,Mustapha Mond,11357,11370,1970,1971
C17R0036,17,Number expressions,one,one,11960,11963,2065,2065
C17R0037,17,Number expressions,two,two,12646,12649,2187,2187
C17R0038,17,Number expressions,three half,three half,12653,12663,2189,2190
C17R0039,17,Number expressions,half,half,12751,12755,2206,2206
C17R0040,17,Number expressions,one,one,13013,13016,2249,2249
C17R0041,17,Number expressions,one,one,13304,13307,2305,2305
C17R0042,17,Number expressions,thirty-seventh,thirty-seventh,14022,14036,2434,2434
C17R0043,17,Names,Linda,Linda,14044,14049,2436,2436
C17R0044,17,Names,Tomakin,Tomakin,14230,14237,2470,2470
C17R0045,17,Names,Tomakin,Tomakin,14283,14290,2476,2476
C17R0046,17,Symbol vocabulary,words,words,14391,14396,2495,2495
C17R0047,17,Number expressions,twelve and a half million,Twelve and a half million,14633,14658,2537,2541
C17R0048,17,Names,Henry Foster,Henry Foster,14669,14681,2543,2544
C17R0049,17,Number expressions,twelve and a half million,Twelve and a half million,14728,14753,2553,2557
C17R0050,17,Names,Mustapha Mond,Mustapha Mond,14977,14990,2596,2597
C17R0051,17,Number expressions,one,one,15286,15289,2644,2644
C17R0052,17,Artwork vocabulary,freedom,freedom,15844,15851,2733,2733
C17R0053,17,Names,Mustapha Mond,Mustapha Mond,15899,15912,2743,2744
C17R0054,17,Directions,right,right,15935,15940,2748,2748
C17R0055,17,Directions,right,right,15962,15967,2753,2753
C17R0056,17,Directions,right,right,16020,16025,2762,2762
C17R0057,17,Directions,right,right,16062,16067,2770,2770
C17R0058,17,Directions,right,right,16107,16112,2779,2779
C17R0059,17,Directions,right,right,16146,16151,2786,2786
C17R0060,17,Directions,right,right,16183,16188,2794,2794
C17R0061,17,Directions,right,right,16206,16211,2799,2799
C17R0062,17,Directions,right,right,16279,16284,2811,2811
C17R0063,17,Directions,right,right,16307,16312,2816,2816
C17R0064,17,Names,Mustapha Mond,Mustapha Mond,16436,16449,2840,2841
C18R0001,18,Names,John,John,52,56,10,10
C18R0002,18,Names,Helmholtz,Helmholtz,154,163,25,25
C18R0003,18,Symbol vocabulary,twice,twice,228,233,36,36
C18R0004,18,Names,Helmholtz,Helmholtz,343,352,56,56
C18R0005,18,Names,John,John,395,399,63,63
C18R0006,18,Names,Bernard,Bernard,460,467,74,74
C18R0007,18,Names,Bernard,Bernard,851,858,147,147
C18R0008,18,Names,Helmholtz,Helmholtz,1069,1078,183,183
C18R0009,18,Names,Bernard,Bernard,1219,1226,207,207
C18R0010,18,Names,John,John,1322,1326,224,224
C18R0011,18,Names,Helmholtz,Helmholtz,1657,1666,283,283
C18R0012,18,Names,Bernard,Bernard,1689,1696,288,288
C18R0013,18,Names,Helmholtz,Helmholtz,1780,1789,305,305
C18R0014,18,Number expressions,one,one,1921,1924,329,329
C18R0015,18,Number expressions,three,three,1937,1942,331,331
C18R0016,18,Names,Helmholtz,Helmholtz,2127,2136,368,368
C18R0017,18,Number expressions,two,two,2896,2899,495,495
C18R0018,18,Number expressions,six,six,2925,2928,501,501
C18R0019,18,Number expressions,seven,seven,2932,2937,503,503
C18R0020,18,Number expressions,half,half,3049,3053,521,521
C18R0021,18,Directions,west,west,3179,3183,545,545
C18R0022,18,Number expressions,four,four,3215,3219,550,550
C18R0023,18,Number expressions,first,first,3689,3694,623,623
C18R0024,18,Number expressions,first,first,3888,3893,649,649
C18R0025,18,Number expressions,one,one,3948,3951,658,658
C18R0026,18,Names,Awonawilona,Awonawilona,4083,4094,683,683
C18R0027,18,Names,Jesus,Jesus,4103,4108,686,686
C18R0028,18,Names,Pookong,Pookong,4113,4120,688,688
C18R0029,18,Symbol vocabulary,cross,Cross,4234,4239,712,712
C18R0030,18,Directions,right,right,4668,4673,788,788
C18R0031,18,Artwork vocabulary,tower,tower,5445,5450,934,934
C18R0032,18,Directions,right,right,5522,5527,948,948
C18R0033,18,Directions,north,north,5547,5552,953,953
C18R0034,18,Artwork vocabulary,towers,towers,5662,5668,974,974
C18R0035,18,Number expressions,seven,seven,5676,5681,977,977
C18R0036,18,Number expressions,nine,nine,6213,6217,1060,1060
C18R0037,18,Directions,south,South,6340,6345,1082,1082
C18R0038,18,Number expressions,fourteen,fourteen,6466,6474,1105,1105
C18R0039,18,Artwork vocabulary,tower,tower,6481,6486,1106,1106
C18R0040,18,Number expressions,quarter,quarter,7108,7115,1214,1214
C18R0041,18,Artwork vocabulary,tower,Tower,7155,7160,1222,1222
C18R0042,18,Directions,left,left,7259,7263,1240,1240
C18R0043,18,Directions,left,left,7272,7276,1242,1242
C18R0044,18,Number expressions,first,first,7532,7537,1284,1284
C18R0045,18,Number expressions,first,first,7610,7615,1298,1298
C18R0046,18,Names,John,John,7625,7629,1300,1300
C18R0047,18,Number expressions,four,four,7744,7748,1320,1320
C18R0048,18,Number expressions,two dozen,two dozen,7903,7912,1347,1348
C18R0049,18,Artwork vocabulary,seeds,seeds,7924,7929,1351,1351
C18R0050,18,Number expressions,ten,ten,7935,7938,1353,1353
C18R0051,18,Number expressions,six,six,8991,8994,1533,1533
C18R0052,18,Artwork vocabulary,white,white,9081,9086,1549,1549
C18R0053,18,Names,Mitsima,Mitsima,9100,9107,1553,1553
C18R0054,18,Names,Linda,Linda,10105,10110,1733,1733
C18R0055,18,Number expressions,half,Half,10569,10573,1812,1812
C18R0056,18,Number expressions,three,three,10589,10594,1816,1816
C18R0057,18,Symbol vocabulary,Delta,Delta,10595,10600,1817,1817
C18R0058,18,Number expressions,one,one,10624,10627,1820,1820
C18R0059,18,Number expressions,two,two,11046,11049,1897,1897
C18R0060,18,Number expressions,one,One,11114,11117,1905,1905
C18R0061,18,Number expressions,two three,two three,11119,11128,1906,1907
C18R0062,18,Number expressions,eighth,eighth,11165,11171,1913,1913
C18R0063,18,Number expressions,nine,Nine,11351,11355,1945,1945
C18R0064,18,Number expressions,ten,ten,11357,11360,1946,1946
C18R0065,18,Number expressions,eleven,eleven,11362,11368,1947,1947
C18R0066,18,Number expressions,twelve,twelve,11370,11376,1948,1948
C18R0067,18,Names,Ford,Ford,11380,11384,1950,1950
C18R0068,18,Number expressions,three,Three,11470,11475,1965,1965
C18R0069,18,Number expressions,thirty,Thirty,11656,11662,1999,1999
C18R0070,18,Number expressions,one,one,11767,11770,2018,2018
C18R0071,18,Number expressions,first,first,11920,11925,2047,2047
C18R0072,18,Number expressions,one,one,12742,12745,2188,2188
C18R0073,18,Symbol vocabulary,words,words,12800,12805,2198,2198
C18R0074,18,Number expressions,two,two,12888,12891,2213,2213
C18R0075,18,Number expressions,six,six,13212,13215,2266,2266
C18R0076,18,Directions,left,left,13316,13320,2287,2287
C18R0077,18,Directions,right,right,13402,13407,2304,2304
C18R0078,18,Names,Primo Mellon,Primo Mellon,13621,13633,2340,2341
C18R0079,18,Symbol vocabulary,words,words,13725,13730,2360,2360
C18R0080,18,Symbol vocabulary,words,words,14174,14179,2442,2442
C18R0081,18,Number expressions,five,Five,14247,14251,2454,2454
C18R0082,18,Symbol vocabulary,words,words,14252,14257,2455,2455
C18R0083,18,Number expressions,five,five,14281,14285,2460,2460
C18R0084,18,Symbol vocabulary,words,words,14286,14291,2461,2461
C18R0085,18,Names,Bernard,Bernard,14326,14333,2470,2470
C18R0086,18,Number expressions,eight,Eight,14640,14645,2515,2515
C18R0087,18,Symbol vocabulary,words,words,14936,14941,2566,2566
C18R0088,18,Number expressions,four,four,15092,15096,2591,2591
C18R0089,18,Number expressions,four,Four,15162,15166,2602,2602
C18R0090,18,Symbol vocabulary,Delta,Delta,15229,15234,2612,2612
C18R0091,18,Directions,left,left,15907,15911,2725,2725
C18R0092,18,Artwork vocabulary,tower,tower,15992,15997,2740,2740
C18R0093,18,Number expressions,one,one,16367,16370,2802,2802
C18R0094,18,Names,Lenina,Lenina,16823,16829,2887,2887
C18R0095,18,Names,Lenina,Lenina,17077,17083,2931,2931
C18R0096,18,Number expressions,half,half,17129,17133,2943,2943
C18R0097,18,Number expressions,thousand,thousand,17362,17370,2989,2989
C18R0098,18,Names,Linda,Linda,17423,17428,3000,3000
C18R0099,18,Names,Linda,Linda,17521,17526,3016,3016
C18R0100,18,Names,Lenina,Lenina,17591,17597,3030,3030
C18R0101,18,Names,Lenina,Lenina,17616,17622,3034,3034
C18R0102,18,Names,Lenina,Lenina,18089,18095,3123,3123
C18R0103,18,Artwork vocabulary,white,white,18158,18163,3134,3134
C18R0104,18,Names,Lenina,Lenina,18189,18195,3138,3138
C18R0105,18,Names,Linda,Linda,18272,18277,3153,3153
C18R0106,18,Number expressions,three hundred,three hundred,18420,18433,3179,3180
C18R0107,18,Names,Darwin Bonaparte,Darwin Bonaparte,18447,18463,3183,3184
C18R0108,18,Number expressions,three,three,18609,18614,3207,3207
C18R0109,18,Number expressions,three,three,18671,18676,3218,3218
C18R0110,18,Number expressions,seventy-two,Seventy-two,18800,18811,3239,3239
C18R0111,18,Names,Darwin Bonaparte,Darwin Bonaparte,18889,18905,3252,3253
C18R0112,18,Artwork vocabulary,cameras,cameras,19181,19188,3296,3296
C18R0113,18,Number expressions,half,half,19349,19353,3322,3322
C18R0114,18,Symbol vocabulary,words,words,19503,19508,3347,3347
C18R0115,18,Names,Darwin Bonaparte,Darwin Bonaparte,20166,20182,3467,3468
C18R0116,18,Names,Ford,Ford,20229,20233,3477,3477
C18R0117,18,Number expressions,twelve,Twelve,20259,20265,3483,3483
C18R0118,18,Number expressions,first,first,20359,20364,3502,3502
C18R0119,18,Names,Darwin Bonaparte,Darwin Bonaparte,20417,20433,3510,3511
C18R0120,18,Names,John,John,20528,20532,3527,3527
C18R0121,18,Symbol vocabulary,words,words,20912,20917,3592,3592
C18R0122,18,Names,Linda,Linda,20964,20969,3601,3601
C18R0123,18,Symbol vocabulary,words,words,21258,21263,3657,3657
C18R0124,18,Artwork vocabulary,white,white,22202,22207,3820,3820
C18R0125,18,Number expressions,half,half,22322,22326,3836,3836
C18R0126,18,Number expressions,one,one,22347,22350,3837,3837
C18R0127,18,Number expressions,dozens,dozens,22397,22403,3847,3847
C18R0128,18,Symbol vocabulary,circle,circle,22432,22438,3854,3854
C18R0129,18,Artwork vocabulary,cameras,cameras,22495,22502,3862,3862
C18R0130,18,Artwork vocabulary,numbers,numbers,22698,22705,3891,3891
C18R0131,18,Number expressions,dozens,dozens,22740,22746,3898,3898
C18R0132,18,Number expressions,scores,scores,22754,22760,3900,3900
C18R0133,18,Number expressions,scores,scores,22766,22772,3902,3902
C18R0134,18,Number expressions,first,first,24080,24085,4133,4133
C18R0135,18,Number expressions,one,one,24353,24356,4182,4182
C18R0136,18,Number expressions,hundred,hundred,24434,24441,4197,4197
C18R0137,18,Number expressions,seventh,seventh,24787,24794,4256,4256
C18R0138,18,Number expressions,eighth,eighth,24798,24804,4258,4258
C18R0139,18,Number expressions,twenty-fifth,twenty-fifth,25066,25078,4299,4299
C18R0140,18,Number expressions,first,first,25641,25646,4390,4390
C18R0141,18,Artwork vocabulary,white,white,25714,25719,4402,4402
C18R0142,18,Directions,left,left,26149,26153,4473,4473
C18R0143,18,Number expressions,two,two,26340,26343,4501,4501
C18R0144,18,Number expressions,one,one,27591,27594,4707,4707
C18R0145,18,Number expressions,one,one,27977,27980,4774,4774
C18R0146,18,Number expressions,six-eight,six-eight,27992,28001,4777,4777
C18R0147,18,Number expressions,ten,ten,28503,28506,4864,4864
C18R0148,18,Number expressions,first,first,28623,28628,4884,4884
C18R0149,18,Number expressions,two,two,29031,29034,4958,4958
C18R0150,18,Directions,right,right,29090,29095,4967,4967
C18R0151,18,Directions,north,north,29097,29102,4968,4968
C18R0152,18,Directions,north-east,north-east,29104,29114,4969,4969
C18R0153,18,Directions,east,east,29116,29120,4970,4970
C18R0154,18,Directions,south-east,south-east,29122,29132,4971,4971
C18R0155,18,Directions,south,south,29134,29139,4972,4972
C18R0156,18,Directions,south-south-west,south-south-west,29141,29157,4973,4973
C18R0157,18,Directions,left,left,29237,29241,4987,4987
C18R0158,18,Directions,south-south-west,South-south-west,29243,29259,4988,4988
C18R0159,18,Directions,south,south,29261,29266,4989,4989
C18R0160,18,Directions,south-east,south-east,29268,29278,4990,4990
C18R0161,18,Directions,east,east,29280,29284,4991,4991
